LOIH,HOHENEMS,47.38444444,9.69972222
LOIR,REUTTE,47.47027778,10.69222222
LOWI,INNSBRUCK,47.26027778,11.34388889
LOIK,KUFSTEIN,47.56416667,12.1275
LOIJ,ST. JOHANN,47.52111111,12.45
LOWZ,ZELL AM SEE,47.29154206,12.79085731
LOWS,SALZBURG,47.79444444,13.00333333
LOLK,RIED,48.21218492,13.34590244
LOLS,SCHÄRDING,48.40288161,13.44804097
ALTENMB,ALTENMARKT,47.38283333,13.40816667
LOBAGO,BAD GOISERN,47.62833333,13.61166667
LOSM,MAUTERNDORF,47.13215256,13.69618225
LOLU,GMUNDEN,47.95166667,13.865
LOLC,SCHARNSTEIN,47.89805556,13.93861111
LOLE,EFERDING,48.338333,13.985
LOGO,NIEDERÖBLARN,47.47954942,14.00810433
LOXA,AIGEN,47.533,14.133
LOLM,MICHELDORF,47.871964,14.125553
LOLW,WELS,48.18166667,14.03833333
LOWL,LINZ,48.23527778,14.18805556
LOLJ,NEUROMED CAMPUS LINZ,48.28023528,14.29741572
LOGI,TRIEBEN,47.49416667,14.4975
LOLH,HOFKIRCHEN,48.13907814,14.33558778
LOLO,LINZ OST,48.29944444,14.33416667
LOLF,FREISTADT,48.51388889,14.40611111
LOLT,SEITENSTETTEN,48.050548,14.662684
LOXZ,ZELTWEG,47.20416667,14.74675
LOGT,TIMMERSDORF,47.38,14.96777778
LOLG,ST. GEORGEN,48.103392,14.951093
LOGK,KAPFENBERG,47.45777778,15.32861111
LOGL,TURNAU,47.554291,15.3169
LOGM,MARIAZELL,47.78944444,15.30027778
LOAA,OTTENSCHLAG,48.419149,15.215647
LOAB,DOBERSBERG,48.923532,15.292271
RAIN02,RAIN,47.13664628,15.28967761
LOGW,WEIZ,47.170111,15.664472
LOAD,VÖLTENDORF,48.16055556,15.5875
LOAG,KREMS,48.446944,15.635
AICHLMB,AICHLMUEHL,47.84533333,15.83716667
LKCB,CHEB,50.06638889,12.41277778
LKTD,TACHOV,49.79777778,12.70694444
LKKRIZ,KRIZENEC,49.87055556,12.7725
LKMR,MARIANSKE LAZNE,49.92277778,12.72472222
LKHORY,HORY,50.21722222,12.77688389
LKTO,TOUZIM,50.08638889,12.95277778
LKKV,KARLOVY VARY,50.20305556,12.915
LKOSTR,OSTROV,50.33666667,12.96972222
LKSA,STANKOV,49.56666667,13.04861111
LKER,ERPRUZICE,49.80277778,13.03805556
LKPLES,PLEŠNICE,49.77202806,13.16111028
LKLOCH,LOCHOUSICE,49.67489722,13.09943333
LKKT,KLATOVY,49.41833333,13.32194444
LKCHOV,CHOTESOV,49.65166667,13.18972222
LKLN,PLZEN/LINE,49.67527778,13.27444444
LKPL,LETKOV,49.72305556,13.45222222
LKPS,PLASY,49.92027778,13.37694444
LKCH,CHOMUTOV,50.46888889,13.46805556
LKNAPA,NAPAJEDLA,49.19875833,13.6
LKRABI,RABI,49.27518333,13.62786111
LKRY,ROKYCANY,49.75194444,13.58972222
LKZD,ZATEC/MACERKA,50.3175,13.51277778
LKBL,BLATNA,49.4310475,13.79678556
LKRK,RAKOVNIK,50.09416667,13.68888889
LKPANO,PANOSI UJEZD,50.03867222,13.69698056
LKRA,RANA,50.40388889,13.75194444
LKCHAR,CHARVATCE,50.43361111,13.81138889
LKMO,MOST,50.525,13.68305556
LKTEPL,TEPLICE,50.62083333,13.81055556
LKST,STRAKONICE,49.25166667,13.89283333
LKHV,HOROVICE,49.84472222,13.88583333
LKPC,PANENSKY TYNEC,50.30638889,13.935
LKUL,USTI NAD LABEM,50.69972222,13.96972222
LKSR,STRUNKOVICE,49.0825,14.07583333
LKPISK,PISEK - KRASOVICE,49.33944444,14.11388889
LKPM,PRIBRAM,49.72,14.10027778
LKBURA,BURANOS AIRES,50.00861111,14.03916667
LKKL,KLADNO,50.11277778,14.08972222
LKSN,SLANY,50.21666667,14.08861111
LKRADO,RADOVESICE,50.409,14.08402778
LKTERE,TEREZIN,50.51955833,14.15587778
LKFRYM,FRYMBURK,48.69861111,14.1975
LKHLAS,HLASKA,49.06694444,14.24138889
LKBU,BUBOVICE,49.97444444,14.17805556
LKPR,PRAHA/RUZYNE,50.10083333,14.26
LKSZ,SAZENA,50.32472222,14.25888889
LKRO,ROUDNICE,50.41055556,14.22611111
LKDUSN,DUSINKY,50.41277778,14.19805556
LKPOLE,POLEPY,50.520625,14.27234444
LKBYNO,BYNOVEC,50.82194444,14.27138889
LKKAPL,KAPLICE,48.71888611,14.45047778
LKCS,CESKE BUDEJOVICE,48.94638889,14.4275
LKDOUD,DOUDLEBY,48.885,14.48638889
LKHS,HOSIN,49.04,14.495
LKBECH,BECHYNE,49.27722222,14.49333333
LKTC,TOCNA,49.98527778,14.42555556
LKVO,PRAHA/VODOCHODY,50.21666667,14.39555556
LKSTET,STETI,50.465,14.40611111
LKPOCA,HORNI POCAPLY,50.41805556,14.38416667
LKCHRI,CHRIBSKA,50.85805278,14.46694167
LKZELE,ZELEC,49.33055556,14.65908333
LKTV,VSECHOV,49.43825111,14.62164083
LKBE,BENESOV,49.74083333,14.64472222
LKRICA,RICANY,49.97443889,14.64983056
LKKB,KBELY,50.12136667,14.54363889
LKLT,LETNANY,50.13138889,14.52555556
LKBORE,BOREK,50.21083333,14.6575
LKKRPY,KRPY,50.3275,14.66361111
LKRAMS,RAMŠ,50.64166667,14.54138889
LKCE,CESKA LIPA,50.70944444,14.56666667
LKKRAM,KRAMOLIN,48.91499722,14.72638611
LKSO,SOBESLAV,49.24666667,14.71366667
LKKOSI,KOSICE U TABORA,49.31805556,14.74916667
LKTA,TABOR,49.39111111,14.70833333
LKOSIC,OSICINY,50.01583333,14.77222222
LKVRAT,VRATKOV,50.04051944,14.81885056
LKHRAD,HRADCANY,50.61944444,14.73277778
LKJH,JINDRICHUV HRADEC,49.15083333,14.97166667
LKPV,KAMEN,49.41788639,14.99801889
LKVL,VLASIM,49.72888889,14.87888889
LKSAZA,SAZAVA,49.88777778,14.93944444
LKNUCI,NUČICE,49.95111111,14.87
LKCHRA,CHRASTANY,50.05861111,14.92305556
LKMILO,MILOVICE,50.23777778,14.91027778
LKMLAD,MLADA,50.24361111,14.85555556
LKKOST,KOSTOMLATY,50.20805556,14.92861111
LKMB,MLADA BOLESLAV,50.39833333,14.89833333
LKCDUB,CESKY DUB,50.67805556,14.99972222
LKDRUZ,DRUZCOV,50.72805556,14.92472222
LKNVCE,NOVA VCELNICE,49.26722222,15.07777778
LKCAST,CASTKOVICE,49.40944444,15.14416667
LKJIRI,KŘELOVICE - JIŘIČKY,49.55222222,15.15555556
LKNYMB,NYMBURK,50.16916667,15.05222222
LKLOUC,LOUCEN,50.279345,15.06111083
LKHD,HODKOVICE,50.65722222,15.07777778
LKMH,MNICHOVO HRADISTE,50.54,15.00666667
LKVSEN,VSEN,50.55527778,15.09388889
LKLB,LIBEREC,50.76833333,15.025
LKZB,ZBRASLAVICE,49.81416667,15.20166667
LKKO,KOLIN,50.00194444,15.17333333
LKJC,JICIN,50.43,15.33305556
LKLIBA,LIBAN,50.37033056,15.20116389
LKKEJZ,KEJZLICE,49.59222222,15.40138889
LKCV,CASLAV,49.93956389,15.38193333
LKROHO,ROHOZEC,49.98194444,15.39277778
LKLOMN,LOMNICE,50.54,15.38805556
LKJI,JIHLAVA,49.41972222,15.63555556
LKHB,HAVLICKUV BROD,49.59722222,15.54916667
LKPN,PODHORANY,49.93916667,15.54972222
LKVESE,VESELI U PRELOUCE,50.00694444,15.61777778
LKSKUD,SKUDLY,50.02194444,15.52055556
LKHC,HORICE,50.35666667,15.57722222
LKCHOT,CHOTEC,50.43388889,15.53055556
LKVR,VRCHLABI,50.62416667,15.64638889
LKSTUD,STUDENEC,50.54944444,15.53611111
LKPI,PRIBYSLAV,49.58083333,15.76277778
LKCT,CHOTEBOR,49.68583333,15.67611111
LKCR,CHRUDIM,49.93638889,15.78055556
LKPD,PARDUBICE,50.01345833,15.73857222
LKKUNE,KUNETICE,50.06889028,15.81322778
LKPRIM,HORNI PRIM,50.22944444,15.70361111
LKTRBH,TŘEBIHOŠŤ,50.43527778,15.69305556
LKTREB,TREBIC,49.19833333,15.90305556
LKSAZO,SAZOMIN,49.50861111,15.97111111
LKCHVO,CHVOJENEC,50.10861111,15.92722222
LKHK,HRADEC KRALOVE,50.25333333,15.84527778
LKJA,JAROMER,50.33138889,15.95388889
LKDK,DVUR KRALOVE,50.41416667,15.83694444
LKTRUT,TRUTNOV,50.5675,15.86527778
LSGC,LES EPLATURES,47.08416667,6.79333333
LSZJ,COURTELARY,47.183601,7.090833
LSZQ,BRESSAUCOURT,47.3925,7.02888889
LSZP,BIEL-KAPPELEN,47.089165,7.29
LSZY,PORRENTRUY,47.410553,7.051667
LSZG,GRENCHEN,47.18138889,7.41638889
LSPD,DITTINGEN "R",47.43861111,7.49138889
LSPL,LANGENTHAL,47.184998,7.741667
LSPO,OLTEN "R",47.34156,7.885084
LSZI,FRICKTAL-SCHUPFART,47.508888,7.95
LSPN,TRIENGEN,47.226662,8.078055
LSME,EMMEN,47.092369,8.305117
LSZO,LUZERN/BEROMÜNSTER,47.189991,8.204722
LSZU,BUTTWIL,47.264722,8.3025
LSZF,BIRRFELD,47.443604,8.233611
LSMA,ALPNACH,46.943889,8.284167
LSZN,HAUSEN AM ALBIS "R",47.238333,8.515556
LSZH,ZÜRICH KLOTEN,47.45805556,8.54805556
LSMD,DÜBENDORF,47.398644,8.648231
LSPF,SCHAFFHAUSEN,47.6917,8.5281
LSZK,SPECK-FEHRALTORF,47.376385,8.7575
LSPH,WINTERTHUR "R",47.515,8.77194444
LSPV,WANGEN-LACHEN,47.204723,8.8675
LSPW,WANGEN,47.21055556,8.87
LSZM,MOLLIS,47.078872,9.064831
LSZX,SCHÄNIS "R",47.17154725,9.03951725
LSPK,HASENSTRICK,47.28,8.881944
LSZT,LOMMIS,47.524437,9.003056
LSZV,SITTERDORF,47.508888,9.262777
LSPA,AMLIKON,47.57416667,9.0475
LSZE,BAD RAGAZ,47.014999,9.481944
LSZR,ST. GALLEN,47.485,9.56194444
EPOJN,CHOJNA,52.93916667,14.42166667
EPKUN,KUNICE,52.27111667,14.66195
EPDEB,DEBNO-DARGOMYSL,52.72,14.62916667
EPSD,SZCZECIN DĄBIE,53.39083889,14.63223889
EPMAR,MARIANKA,51.75805,14.73971667
EPRZE,KRZESZYCE,52.59971667,14.99528333
EPKLU,KLUCZEWO,53.28055,14.96611667
EPSC,SZCZECIN/GOLENIÓW,53.58472222,14.90222222
EPGOZ,GOZDNICA,51.46055,15.10583333
EPMY,MYŚLIBÓRZ-GIŻYN,52.94,15.03
EPGRA,GRABOWIEC,51.90138333,15.27028333
EPGU,ULIM,52.69333333,15.21611667
EPROZ,ROZANKI,52.77221667,15.30721667
EPMAK,MAKOWICE,53.76055,15.29028333
EPZP,PRZYLEP K/ZIELONEJ GÓRY,51.97888333,15.46388333
EPMOS,MOSTKI,52.27111667,15.37221667
EPMIE,MIĘDZYRZECZ 2,52.41916667,15.58055
EPLIP,LIPKI WIELKIE,52.71583333,15.51083333
EPJG,JELENIA GÓRA,50.89883333,15.7855
EPJS,JEŻÓW SUDECKI K/JELENIEJ GÓRY,50.94417222,15.76694444
EPZG,ZIELONA GÓRA/BABIMOST,52.13861111,15.79861111
EPDR,DRAWSKO POMORSKIE,53.4775,15.73111667
EPLOB,LOBEZ,53.60888333,15.68888333
EPSN,ŚWIDWIN,53.79055,15.82638333
EPKG,BAGICZ,54.20028333,15.68416667
EPDAB,DABROWNO,51.87916667,15.91971667
EPKAM,KAMIONNA,52.55305,15.94638333
ZOUFF,ZOUFFTGEN,49.44916667,6.12555
LF6724,WISSEMBOURG,48.9925,7.97583333
VITTE,VITTEL,48.23111667,5.85028333
LF1022,VILLE SUR ARCE,48.08816911,4.43593742
LF5422,VILLERUPT MICHEVILLE,49.484787,5.91830397
LF6822,VIEUX-FERRETTE,47.51555,7.30666667
1054,VIAPRES LE PETIT,48.5728,4.0356
LF2132,SOUHIL,47.92246667,4.76865556
LF6852,SOPPE,47.72528333,7.09638333
LF5252,LES AILES DU DER,48.43585556,4.85198889
LF5710,BAMBI AIR CLUB,49.11453628,6.60566233
LF5122,SERVON MELZICOURT,49.205,4.83087778
LF3957,SERMANGE,47.18808333,5.6475
LF7023,SAULNOT,47.56805,6.64472222
LF6723,SALMBACH,48.96806111,8.07083333
LF2151,SAINT JEAN DE LOSNE,47.07364444,5.26615556
EBBR,BRUSSELS,50.90138889,4.48444444
EBAW,ANTWERPEN,51.18944444,4.46027778
EBCI,CHARLEROI / BRUSSELS SOUTH,50.46,4.45277778
EBLG,LIEGE,50.63638889,5.44277778
ELLX,LUXEMBOURG,49.62333333,6.20444444
EBBT,BRASSCHAAT,51.34083333,4.50416667
EBKH,BALEN / KEIHEUVEL,51.18083333,5.22083333
EBCF,CERFONTAINE,50.153,4.387
EBZW,GENK/ZWARTBERG,51.01527778,5.526
EBGB,GRIMBERGEN,50.94861111,4.39194444
EBZH,HASSELT,50.97,5.375
EBHN,HOEVENEN,51.30527778,4.39055556
EBNM,NAMUR,50.48805556,4.76888889
ELNT,NOERTRANGE,49.98111111,5.91777778
EBSH,SAINT-HUBERT,50.03583333,5.40416667
EBST,SINT-TRUIDEN,50.79194444,5.20166667
EBSP,SPA / LA SAUVENIÈRE,50.4825,5.91027778
EBSOVET,SOVET,50.28666667,5.04027778
EBTX,VERVIERS / THEUX,50.5525,5.855
ELUS,USELDANGE,49.76777778,5.9675
EBML,ASSESSE,50.375,4.92638889
EBBN,BÜLLINGEN,50.415,6.27638889
EBMG,DOISCHE,50.10416667,4.63611111
EBLN,EGHEZÉE,50.57944444,4.79166667
EBBY,GENAPPE,50.56861111,4.43444444
EBAV,HANNUT,50.70555556,5.06638889
EBBZ,PONT-À-CELLES,50.5425,4.3825
EBOR,VRESSE-SUR-SEMOIS,49.90638889,4.93416667
EBBE,BEAUVECHAIN (MIL),50.758,4.767
EBBX,BERTRIX (MIL),49.89166667,5.22388889
EBDT,DIEST (MIL),50.99916667,5.06555556
EBFS,FLORENNES (MIL),50.24333333,4.64583333
EBTN,GOETSENHOVEN,50.78166667,4.95777778
EBBL,KLEINE-BROGEL (MIL),51.16833333,5.47
EBLE,LEOPOLDSBURG,51.12,5.30722222
EBSU,SAINT-HUBERT (MIL),50.034,5.44
EBWE,WEELDE (MIL),51.39471053,4.9592185
EBZR,ZOERSEL / OOSTMALLE,51.26472222,4.75333333
EBSL,ZUTENDAAL,50.9475,5.59055556
EBCS,CHIMAY / SAINT-REMY,50.058,4.282
EBAR,ARLON,49.66194444,5.88611111
EBEH,HYDROBASE DE LEAU DHEURE,50.18361111,4.36972222
EBSB,RAMILLIES,50.63861111,4.89111111
EBSM,VERREBROEK,51.26833333,4.17527778
EHAM,SCHIPHOL,52.30805556,4.76416667
EHAL,AMELAND,53.45361111,5.67694444
EHBD,BUDEL,51.25444444,5.60083333
EHBK,MAASTRICHT AACHEN,50.91027778,5.76861111
EHDR,DRACHTEN,53.11805556,6.12916667
EHEH,EINDHOVEN,51.4525,5.37722222
EHKD,DE KOOY,52.92361111,4.78055556
EHHV,HILVERSUM,52.19080556,5.14830556
EHLE,LELYSTAD,52.45333333,5.51388889
EHGG,GRONINGEN/EELDE,53.125,6.58333333
EHHO,HOOGEVEEN,52.73083333,6.51611111
EHRD,ROTTERDAM,51.95739364,4.44172906
EHSE,BREDA/SEPPE,51.55472222,4.5525
EHTE,TEUGE,52.24277778,6.05027778
EHTL,TERLET,52.05722222,5.92444444
EHTW,ENSCHEDE/TWENTE,52.27583333,6.88916667
EHTX,TEXEL,53.11527778,4.83361111
EHST,STADSKANAAL,52.99861111,7.02277778
EHOW,OOSTWOLD,53.20861111,7.03277778
EHDL,DEELEN,52.06694444,5.87555556
EHGR,GILZE RIJEN,51.56737778,4.93183611
EHLW,LEEUWARDEN,53.22527222,5.75253333
EHVK,VOLKEL,51.65720833,5.707825
EHWO,WOENSDRECHT,51.449,4.34214167
EHSB,SOESTERBERG,52.13388889,5.26417222
EHSIN,SCHINVELD,50.98111667,6.00083333
EHDP,DE PEEL,51.5173,5.8557
EHVEN,VENLO,51.36333333,6.21666667
EHMID,MIDDENMEER,52.815,5.02111667
EHBID,BIDDINGHUIZEN,52.42916667,5.67416667
EHCAS,CASTRICUM,52.53666667,4.62388333
EHDEV,DE VOORST,52.68474197,5.91146231
EHLAN,LANGEVELD,52.29889444,4.51388333
EHLEM,LEMELERVELD,52.46805,6.33278333
EHMAL,MALDEN,51.7853,5.881
EHNIS,NISTELRODE,51.68305,5.55
EHVEE,VEENDAM,53.08445,6.82361667
EHNOO,NOORDKOP,52.89527778,5.005
EHGROO,GROOTEGAST,53.19166667,6.285
EHSLOO,SLOOTDORP,52.83527778,4.95027778
EKRN,BORNHOLM/RØNNE,55.06326667,14.75955833
EKSB,SØNDERBORG,54.96436667,9.79173056
EKPB,KRUSÅ-PADBORG,54.8703,9.279
EKMB,LOLLAND FALSTER MARIBO,54.6993,11.4401
EKST,SYDFYN/TASINGE,55.01666667,10.5633
EKTD,TØNDER,54.9297,8.8406
EKAE,AERO,54.8528,10.4564
EKFM,FEMØ,54.98596192,11.53309442
EKMN,KOSTER VIG,54.96555556,12.19638889
EKNB,NORDBORG,55.075,9.75388889
EKORU,ORUPGAARD,54.76888333,11.94888333
EKVO,VEJRØ,55.02583333,11.34861111
EKROD,RØDEKRO,55.07861111,9.30138889
EKMAR,MARTHASMINDE,54.91138889,11.10138889
EKFRI,FRISENVAENGE,55.11111667,10.36221667
EKKETT,KETTINGSKOV,54.95444444,9.99555556
EKVES,VESTER ABY,55.09166667,10.36777778
EKBJOR,BJORNO,55.06777778,10.24305556
ETNG,GEILENKIRCHEN,50.96083333,6.04194444
EDHAP,HEINSBERG-APHOVEN,51.05055556,6.05416667
ETUR,BRÜGGEN,51.2,6.12944444
EDLV,NIEDERRHEIN,51.60241389,6.14217222
EDLG,GOCH-ASPERDEN,51.691002,6.103913
EDKA,AACHEN-MERZBRÜCK,50.823056,6.18638878
EDSTO,STOLBERG-DIEPENLINCHEN,50.77055,6.28195
EDEMM,EMMERICH,51.82194444,6.27436111
EDERN,ERNZEN,49.82944444,6.43666667
EDUTS,UTSCHEID,49.99888889,6.34305556
EDDUE,DÜREN HÜRTGENWALD,50.69361667,6.41833333
EDLINN,LINNICH,50.96311111,6.33775
EDWAN,WANLO,51.10111111,6.39389444
EDERK,ERKELENZ,51.06444444,6.35916667
EDLF,GREFRATH-NIERSHORST,51.334,6.359333
EDKER,KERKEN,51.43888333,6.44555
EDKON,KONZ-KÖNEN,49.67611667,6.54305
EDRB,BITBURG,49.94866633,6.57277778
EDKV,DAHLEMER BINZ,50.405888,6.528083
ETNN,NÖRVENICH,50.83111111,6.65805556
EDVET,VETTWEISS,50.7475,6.56695
EDMOR,MORSCHENICH,50.87321853,6.55246592
EDBRG,BERGHEIM,50.97666667,6.60833333
EDGUS,GUSTORFER HÖHE,51.07695,6.54778333
EDLN,MÖNCHENGLADBACH,51.23035556,6.50449444
EDLK,KREFELD-EGELSBERG,51.386166,6.585166
EDLX,WESEL-RÖMERWARDT,51.66283,6.595666
EDLC,KAMP-LINTFORT,51.529,6.536167
EDRJ,SAARLOUIS-DÜREN,49.312496,6.674
EDDIL,DILLINGEN,49.38583333,6.74861111
EDRT,TRIER-FÖHREN,49.86388889,6.7875
ETAD,SPANGDAHLEM,49.97666667,6.69888889
EDHIN,HINTERWEILER,50.24638333,6.75611667
EDRV,WERSHOFEN/EIFEL,50.451832,6.786
EDDL,DÜSSELDORF,51.280925,6.75731111
EDLY,BORKEN-HOXFELD,51.853325,6.814833
EDWR,BORKUM,53.5955,6.709167
EDKEL,KELL,49.62138889,6.83972222
EDRD,NEUMAGEN-DHRON,49.842663,6.916167
EDDAU,DAUN-SENHELD,50.17583333,6.8575
EDWET,WEILERSWIST,50.71916667,6.84971667
EDLGF,LANGENFELD-WIESCHEID,51.14055556,6.98527778
EDMEI,MEIERSBERG,51.29888333,6.9575
EDAAP,WOLFSAAP,51.265,6.8525
EDLE,ESSEN/MÜLHEIM,51.40233333,6.93733333
EDLD,DINSLAKEN SCHW.-HEIDE,51.616129,6.86138933
EDDOR,DORSTEN,51.66166667,6.98555
EDLS,STADTLOHN-VREDEN,51.995844,6.840667
EDDR,SAARBRÜCKEN,49.21455278,7.10950833
EDRC,MARPINGEN,49.45305556,7.03916667
EDSCH,SCHWARZENBACH-BOSTALSEE,49.59222778,7.03193889
EDRM,TRABEN-TRARBACH,49.967701,7.111467
ETSB,BÜCHEL,50.174002,7.063247
EDRA,BAD NEUENAHR-AHRWEILER,50.558498,7.136667
EDKB,BONN-HANGELAR,50.768883,7.163889
EDDK,KÖLN/BONN,50.86591667,7.14274444
EDKL,LEVERKUSEN,51.01666667,7.006944
EDLM,MARL-LOEMÜHLE,51.6475,7.16444444
EDDHA,DANKERN-HAREN,52.80222222,7.15944444
EDWJ,JUIST,53.681111,7.056389
EDKUS,KUSEL,49.47775,7.30947222
EDRX,BEXBACH,49.33888889,7.25055556
ETEK,BAUMHOLDER,49.65166667,7.30722222
EDRH,HOPPSTÄDTEN-WEIERSBACH,49.611385,7.185
EDFH,FRANKFURT-HAHN,49.94589444,7.26111389
EDNAU,NAUNHEIM/MAIFELD,50.25805,7.33222778
EDRE,MENDIG,50.365491,7.312291
EDMSH,MÖNCHSHEIDE,50.50805556,7.25555556
EDLB,BORKENBERGE,51.778656,7.285333
EDMET,METELEN,52.15871389,7.24017778
EDWN,NORDHORN-LINGEN,52.4575,7.18277778
ETWM,MEPPEN,52.72333333,7.32638333
EDAEH,ALTE EMS/HERBRUM,53.03083333,7.30555
EDWE,EMDEN,53.39138889,7.22722222
EDWS,NORDEN-NORDDEICH,53.633,7.19027778
EDWY,NORDERNEY,53.706822,7.230247
EDRZ,ZWEIBRÜCKEN,49.209525,7.40064722
EDRP,PIRMASENS,49.264431,7.48851728
EDRG,IDAR-OBERSTEIN,49.732777,7.338056
EDRN,NANNHAUSEN,49.969994,7.479167
EDBEL,BELL-HUNDHEIM,50.02721667,7.42195
EDEUD,EUDENBACH,50.67166667,7.365
EDLIN,LINDLAR,50.99555556,7.37305556
EDKN,WIPPERFÜRTH-NEYE,51.123661,7.374166
EDRAD,RADEVORMWALD,51.21860556,7.38333889
EDHAG,HAGEN,51.3075,7.42695
EDWAL,WALTROP,51.64083333,7.42555556
EDBHT,BORGHORST,52.15083333,7.45278333
EDXE,RHEINE-ESCHENDORF,52.275829,7.491333
ETHE,RHEINE,52.291167,7.387017
EDWF,LEER-PAPENBURG,53.271592,7.442344
EDWL,LANGEOOG,53.742771,7.49777467
EDWZ,BALTRUM,53.72472222,7.37333333
EDMUL,MÜLLHEIM,47.82278333,7.64083333
EDTG,BREMGARTEN,47.90416667,7.61888889
ETAR,RAMSTEIN,49.43444444,7.60055556
EDESS,ESSWEILER,49.56166667,7.58
EDRS,BAD SOBERNHEIM,49.791442,7.665626
EDKIR,KIRN,49.77444444,7.52
EDRK,KOBLENZ,50.3255,7.528667
EDRW,DIERDORF-WIENAU,50.567497,7.654722
EDKZ,MEINERZHAGEN,51.099445,7.601944
EDRHE,RHEINERMARK,51.42944444,7.64417222
EDHEN,HENGSEN,51.47333333,7.64138889
EDLW,DORTMUND,51.51831389,7.61224167
EDLUE,LÜNEN,51.61695,7.50056111
EDSGS,STEINBERG SURWOLD,52.95638889,7.55694444
EDBRO,BROCKZETEL,53.48138333,7.65111111
EDTR,HERTEN-RHEINFELDEN,47.56027778,7.74861111
EDTF,FREIBURG I.BR.,48.022653,7.832583
EDTL,LAHR,48.36925,7.82772222
EDBUN,BUNDENTHAL RUMBACH,49.09333333,7.79388333
EDRQ,IMSWEILER,49.60639444,7.79361667
EDROG,ROSSBERG,49.64221667,7.68333333
EDMTR,MONTABAUR,50.42388889,7.83
EDKI,BETZDORF-KIRCHEN,50.818329,7.8325
EDKF,BERGNEUSTADT,51.05181886,7.70696544
EDKD,ALTENA-HEGENSCHEID,51.3125,7.70416667
EDKP,PLETTENBERG-HÜINGHAUSEN,51.192108,7.789454
EDKW,WERDOHL-KÜNTROP,51.298332,7.817778
EDISE,ISERLOHN SÜMMERN,51.43638333,7.69971667
EDHEE,KAMEN HEEREN,51.59028333,7.71028333
EDLH,HAMM-LIPPEWIESEN,51.69044114,7.81843089
EDXDRE,DRENSTEINFURT,51.7675,7.7481
EDLT,MÜNSTER/TELGTE,51.944667,7.773
EDDG,MÜNSTER/OSNABRÜCK,52.13464167,7.68483056
EDXL,BARSSEL,53.16416667,7.79416667
ETNT,WITTMUNDHAFEN,53.547917,7.6674
EDXP,HARLE,53.70694,7.821389
EDSF,HÜTTEN HOTZENWALD,47.63398056,7.93726111
EDKZN,KIRCHZARTEN,47.95083333,7.95583333
EDSW,ALTDORF-WALLBURG,48.269829,7.84272156
EDTO,OFFENBURG,48.44805556,7.92361111
EDOHL,OHLSBACH,48.43346389,7.97162139
EDSK,KEHL-SUNDHEIM,48.561,7.843333
EDRO,SCHWEIGHOFEN,49.031662,7.99
EDEL,LANGENLONSHEIM,49.90805556,7.90777778
EDRUD,EIBINGER-FORSTWIESEN,50.01666667,7.89722222
EDSIN,SINGHOFEN,50.27111111,7.85472222
EDNAS,NASTÄTTEN,50.19833333,7.88833333
EDLFS,LAUFENSELDEN,50.22166667,7.99861667
EDGA,AILERTCHEN,50.593159,7.945
EDKH,HÜNSBORN,50.929,7.899167
EDKU,ATTENDORN-FINNENTROP,51.146385,7.936666
EDLA,ARNSBERG MENDEN,51.48367308,7.89797975
EDMEN,MENDEN BARGE,51.45971667,7.83611667
EDEVE,EVERSWINKEL,51.88445,7.83805
EDWO,OSNABRÜCK-ATTERHEIDE,52.286536,7.969936
EDXA,ACHMER,52.378887,7.914444
EDQAK,QUAKENBRÜCK,52.66500556,7.92195
EDWX,WESTERSTEDE-FELDE,53.288889,7.931111
EDBZA,BAD ZWISCHENAHN,53.21028333,7.98861667
EDBBF,BOHLENBERGER FELD,53.41833333,7.90416667
ETNJ,JEVER CLSD,53.53355,7.888717
EDWG,WANGEROOGE,53.7825,7.91916711
EDXH,HELGOLAND,54.185278,7.91472189
EDSB,KARLSRUHE/BADEN-BADEN,48.77935278,8.0805
EDLAN,LANDAU,49.17666667,8.13555556
EDGRU,GRÜNSTADT-QUIRNHEIMER BERG,49.585,8.14
EDFZ,MAINZ/FINTHEN,49.968931,8.148336
EDMAA,MICHELBACH AM ASP,50.23222222,8.08083333
EDFY,ELZ,50.428047,8.011945
EDBMA,BAD MARIENBERG,50.66222222,8.02833333
EDGS,SIEGERLAND,50.70765833,8.08296944
EDSIE,SIEGEN-EISERNHARDT,50.83666667,8.01333333
EDOEV,OEVENTROP,51.39583333,8.1475
EDLQ,BEELEN,51.93166667,8.08138889
EDWU,VARRELBUSCH,52.906826,8.040667
EDWP,WIEFELSTEDE,53.32416667,8.07166667
EDWI,WILHELMSHAVEN,53.50194444,8.05222222
EDTB,BADEN-OOS,48.791279,8.187139
EDRAS,RASTATT-BALDENAU,48.87444444,8.21333333
EDRL,LACHEN-SPEYERDORF,49.330826,8.205277
EDRF,BAD DÜRKHEIM,49.472992,8.196333
EDHAS,HASSLOCH,49.355,8.28695
ETOU,WIESBADEN,50.04979181,8.32543656
EDDAB,DAUBORN,50.32166111,8.19416667
EDGB,BREITSCHEID,50.68054711,8.17361133
EDHOB,HÖRBACH,50.66861111,8.26027778
EDKR,SCHMALLENBERG,51.161491,8.260667
EDGQ,SCHAMEDER,51.000278,8.308889
EDKM,MESCHEDE-SCHÜREN,51.30277778,8.23944444
EDLZ,SOEST/BAD SASSENDORF,51.578049,8.214723
EDLU,OELDE-BERGELER,51.83208333,8.17953333
ETUO,GÜTERSLOH,51.92277778,8.30694444
EDXD,BOHMTE-BAD ESSEN,52.35083,8.330667
EDWC,DAMME,52.487499,8.186111
EDXPAR,PARADIEK,52.66805556,8.32166667
EDHA,AHLHORN,52.88889961,8.23275056
EDWH,OLDENBURG-HATTEN,53.06861111,8.3125
EDACH,ACHTERSTEDT,53.3975,8.32943889
EDBOL,BOHLHOF,47.65083333,8.38666667
EDREF,REISELFINGEN,47.85277778,8.37305556
EDTW,WINZELN-SCHRAMBERG,48.279495,8.429
EDMUS,MUSBACH,48.50361111,8.47916667
EDRHS,RHEINSTETTEN,48.97778333,8.3425
EDRI,LINKENHEIM,49.141102,8.394722
EDRY,SPEYER,49.30222222,8.45277778
EDEH,HERRENTEICH,49.34579,8.488632
EDDAN,DANNSTADT,49.41166667,8.35
EDFV,WORMS,49.606586,8.368447
ETOR,COLEMAN,49.563569,8.463392
EDBUE,BÜRSTADT,49.65577778,8.47455556
EDGP,OPPENHEIM,49.840549,8.376945
EDRIE,RIEDELBACH,50.30166667,8.385
EDOBM,OBEREMS,50.24222222,8.39861111
EDBNF,BRAUNFELS,50.52555556,8.39333333
EDASS,ASSLARER HÜTTE,50.6,8.44333333
EDGT,BOTTENHORN,50.794716,8.463611
EDFI,HIRZENHAIN,50.789444,8.393611
EDXG,MELLE-GRÖNEGAU,52.200829,8.377778
ETND,DIEPHOLZ,52.5855,8.34066667
EDXW,SYLT,54.91111111,8.34305556
EDSL,BLUMBERG,47.844554,8.564
EDTD,DONAUESCHINGEN-VILLINGEN,47.973331,8.522223
EDTS,SCHWENNINGEN,48.065666,8.571333
EDBOS,BÖSINGEN,48.22777222,8.53472778
EDXSUL,SULZ,48.34581111,8.63781111
EDCON,SCHWANN CONWEILER,48.83833333,8.54278333
EDTC,BRUCHSAL,49.134991,8.563611
EDGX,WALLDORF,49.305,8.66
EDFX,HOCKENHEIM,49.325272,8.528611
EDFM,MANNHEIM,49.47270556,8.51426389
EDGZ,WEINHEIM/BERGSTRASSE,49.567493,8.611167
EDEP,HEPPENHEIM,49.622212,8.624301
EDBEH,BENSHEIM,49.69195,8.5825
EDFE,FRA-EGELSBACH,49.960833,8.6415
EDES,GRIESHEIM,49.85360556,8.58611111
EDDF,FRANKFURT MAIN,50.01305556,8.52694444
EDFA,ANSPACH/TAUNUS,50.289661,8.536833
EDBUT,BUTZBACH-PFINGSTWEIDE,50.43666667,8.62
EDFL,GIESSEN-LÜTZELLINDEN,50.544991,8.591111
EDGAR,GARBENHEIMER WIESEN,50.57222222,8.52778333
EDKO,BRILON/HOCHSAUERLAND,51.402602,8.642138
EDLP,PADERBORN/LIPPSTADT,51.61408889,8.61631667
EDBUR,BÜREN,51.54278333,8.58195
EDLO,OERLINGHAUSEN,51.932495,8.664444
EDLI,BIELEFELD,51.964833,8.544833
EDXDON,DONSTORF,52.655,8.55695
EDGRH,GROSSE HÖHE,52.98610556,8.57277778
EDWQ,GANDERKESEE,53.037491,8.506111
EDWT,BLEXEN,53.53829956,8.53884411
ETMN,NORDHOLZ,53.76972433,8.64472222
EDXN,NORDHOLZ-SPIEKA,53.76834106,8.64226247
EDXY,WYK AUF FÖHR,54.68638889,8.52944444
EDSI,BINNINGEN,47.799069,8.719476
EDHIL,HILZINGEN,47.76055,8.7675
EDKLI,KLIPPENECK,48.10833333,8.76333333
EDSZ,ROTTWEIL-ZEPFENHAN,48.1865,8.721167
EDTE,EUTINGEN,48.48471667,8.77361667
EDSV,WÄCHTERSBERG,48.615,8.755
EDWBK,WILDBERGKENGEL,48.63666667,8.73
EDHAI,HAITERBACH-NAGOLD,48.53166667,8.67583333
EDSD,DECKENPFRONN,48.63825225,8.81692792
EDHAN,HANGENSTEINERHOF,48.93278333,8.81527222
EDMLH,MALSCH,49.23972222,8.67861111
EDFP,OBER-MÖRLEN,50.361944,8.711389
EDPOH,POHLHEIM-VIEHHEIDE,50.53166667,8.73333333
EDGIE,GIESSEN-WIESECK,50.60416667,8.72861111
EDFN,MARBURG-SCHÖNSTADT,50.873829,8.813666
EDFQ,ALLENDORF/EDER,51.03536944,8.68086389
EDLR,PADERBORN-HAXTERBERG,51.689716,8.775833
EDDW,BREMEN,53.0474,8.78674722
EDOHZ,OSTERHOLZ,53.215,8.81166667
EDXZ,KÜHRSTEDT-BEDERKESA,53.568574,8.787871
EDXO,ST. PETER-ORDING,54.308998,8.686833
EDHP,PELLWORM,54.53583333,8.68183333
EDAVE,AVENTOFT,54.89611667,8.82055
EDSR,RADOLFZELL-STAHRINGEN,47.80276,8.979458
EDSN,NEUHAUSEN OB ECK,47.976569,8.903931
EDSP,POLTRINGEN,48.546909,8.945909
EDMAH,MALMSHEIM,48.785,8.91833333
EDVAI,VAIHINGEN,48.93638333,8.98055
EDSWAG,SCHWAIGERN/STETTEN,49.14166667,8.98833333
EDTK,SINSHEIM,49.24833333,8.89466667
EDROB,ROTHENBERG,49.48583333,8.93555556
EDFO,MICHELSTADT/ODW,49.678047,8.973888
EDEF,BABENHAUSEN,49.9525,8.968611
EDRHM,REINHEIM,49.84,8.85
EDZEL,ZELLHAUSEN,50.02194444,8.98305556
EDFB,REICHELSHEIM,50.338365,8.878774
EDNID,NIDDA/A.D. HELMSBERG,50.40722222,8.99
EDGR,GIESSEN-REISKIRCHEN,50.568054,8.870833
EDAMO,AMÖNEBURG,50.79055,8.90805
EDGK,KORBACH,51.255272,8.877222
EDVG,MENGERINGHAUSEN,51.377769,8.982223
EDLJ,DETMOLD,51.941,8.90416667
EDVY,PORTA-WESTFALICA,52.22116469,8.86001492
EDWOLT,WOLTRINGHAUSEN,52.554451,8.87851525
EDXU,HÜTTENBUSCH,53.286388,8.947222
EDHGT,HELLINGST,53.375,8.85
EDXB,HEIDE-BÜSUM,54.15333333,8.90222222
EDBRE,BREDSTEDT,54.6325,8.98555
EDXK,LECK,54.791098,8.962918
EDTZ,KONSTANZ,47.68166667,9.13888889
EDSDF,SAULDORF,47.95582778,9.02999444
EDLEI,LEIBERTINGEN,48.045,9.03166667
EDSA,ALBSTADT/DEGERFELD,48.24972222,9.06416667
EDFAR,FARRENBERG,48.38666667,9.07833333
EDLOG,LÖCHGAU,49.00194444,9.08361111
EDGM,MOSBACH-LOHRBACH,49.4,9.125
EDSHF,SCHRECKHOF,49.3525,9.12195
EDMUE,MÜLBEN,49.45305,9.10555
EDVIE,VIELBRUNN,49.72,9.08166667
EDFC,ASCHAFFENBURG,49.94,9.063611
EDALT,ALTENBACHTAL,49.92305556,9.15805556
EDLSD,LANGENSELBOLD,50.17695,9.06695
EDSOT,SCHOTTEN,50.53471667,9.14555
EDHOM,HOMBERG/OHM,50.74721667,9.02027222
EDBAW,AUF DER SCHAUFEL,51.09333333,9.14833333
EDWEK,WALDECK,51.22583333,9.05528333
EDWRB,WARBURG,51.49805,9.08583333
EDDEH,DEHAUSEN,51.46611667,9.04945
EDVF,BLOMBERG-BORKHAUSEN,51.917999,9.113334
EDVIN,VINSEBECK,51.84221667,9.01528333
EDVR,RINTELN,52.17366,9.057333
ETHB,BÜCKEBURG,52.278451,9.082389
EDBUS,BÜCKEBURG-WEINBERG,52.25277778,9.01972778
EDXI,NIENBURG-HOLZBALGE,52.709663,9.1625
EDHY,HOYA,52.81213761,9.16335392
EDWK,KARLSHÖFEN,53.33277778,9.02861111
EDTAR,TARMSTEDT,53.25138333,9.10888333
EDXM,ST. MICHAELISDONN,53.978276,9.145402
EDXJ,HUSUM,54.51,9.138333
EDKONS,KONSTANZ HERZ ZENTRUM BODENSEE,47.67201233,9.18869686
EDTP,PFULLENDORF,47.908497,9.251667
EDHEI,HEILIGENBERG,47.83361111,9.30111111
EDUEB,ÜBERSBERG,48.45833333,9.29666667
EDBOC,BOCKWIESE,48.50944444,9.29194444
EDDS,STUTTGART,48.68987778,9.22196389
EDTQ,PATTONVILLE,48.865251,9.222888
EDPLE,PLEIDELSHEIM,48.95666667,9.19166667
EDHBN,HEILBRONN,49.12166667,9.17945
EDXOTT,OTTMARSHEIM,49.00888889,9.21527778
EDDEG,DEGMARN,49.25833333,9.275
EDXNAK,NEUENSTADT AM KOCHER,49.24277778,9.31638889
EDFU,MAINBULLAU,49.696106,9.183056
EDFG,GELNHAUSEN,50.19722,9.17
EDGED,GEDERN,50.43166667,9.19333333
EDHOR,HOHERODSKOPF,50.50027778,9.21888889
EDALS,ALSFELD,50.75,9.24833333
EDRIN,ZIEGENHAIN DER RING,50.90443889,9.24027778
ETHF,FRITZLAR,51.11472222,9.28555556
EDGW,WOLFHAGEN-GRANERBERG,51.306995,9.175333
EDBRA,BRAKEL,51.73888889,9.2025
EDVW,BAD PYRMONT,51.96606444,9.29093267
EDWV,VERDEN-SCHARNHORST,52.965164,9.284166
EDWM,WESER-WÜMME,53.054,9.208667
EDXS,SEEDORF,53.337219,9.260555
EDMKD,MARKDORF,47.70695,9.38945
EDTM,MENGEN-HOHENTENGEN,48.05388889,9.37277778
EDRIL,RIEDLINGEN,48.14472778,9.46666667
EDHAY,HAYINGEN,48.28482819,9.46568869
EDMUN,MÜNSINGEN-EISBERG,48.40916667,9.4425
EDTN,NABERN/TECK,48.612659,9.477166
EDST,HAHNWEIDE,48.630741,9.433461
EDSG,GRABENSTETTEN,48.536181,9.437069
EDHUE,HÜLBEN,48.52908333,9.39754444
EDROD,ROSSFELD,48.51333333,9.33361667
EDDET,TECK,48.60805,9.47583333
EDESJ,ESSLINGEN JÄGERHAUS,48.7625,9.33555
EDSH,BACKNANG-HEININGEN,48.919267,9.451303
EDVOE,VÖLKLESHOFEN,49.01,9.355
EDBAU,BAUMERLENBACH,49.23194444,9.41916667
EDMOM,MÖCKMÜHL-KORB,49.34416667,9.40027778
EDSST,SCHLIERSTADT,49.44278333,9.3625
EDEW,WALLDÜRN,49.581489,9.402086
EDGF,FULDA-JOSSA,50.475552,9.441944
EDFT,LAUTERBACH,50.683163,9.410334
EDEM,MOSENBERG,51.062833,9.422
EDGRI,GRIFTE,51.22111667,9.44778333
EDVK,KASSEL,51.42079167,9.39215833
EDZIE,ZIERENBERG,51.36333333,9.34166667
EDVL,HÖLLEBERG,51.612492,9.398611
EDDIN,DER DINGEL,51.53611667,9.37971667
EDVI,HÖXTER-HOLZMINDEN,51.80666,9.378333
EDBIW,BISPERODE-WEST,52.07945,9.47778333
EDEIM,EIMBECKHAUSEN,52.22583333,9.42472222
ETNW,WUNSTORF,52.45733333,9.42716667
EDXQ,ROTENBURG-WÜMME,53.127666,9.3485
EDHS,STADE,53.55949,9.498
EDOFF,OFFENBÜTTEL,54.17599486,9.37796117
EDXF,FLENSBURG,54.771772,9.378214
EDNY,FRIEDRICHSHAFEN,47.67166667,9.51194444
EDBERG,BERG,47.83111111,9.54
EDTU,SAULGAU,48.029438,9.507222
EDPJ,LAICHINGEN,48.496384,9.639167
EDMAG,MAGOLSHEIM,48.40583333,9.62278333
EDSO,GRUIBINGEN-NORTEL,48.62166667,9.655
EDSE,GÖPPINGEN-BEZGENRIET,48.65833333,9.625
EDWEL,WELZHEIM,48.87638333,9.65333333
EDOBR,OBERROT,49.01028333,9.64055
EDMRB,MORBACH,49.03358889,9.59103333
EDGI,INGELFINGEN-BÜHLHOF,49.321743,9.663658
EDTBB,TAUBERBISCHOFSHEIM,49.64806111,9.63138889
EDWER,WERTHEIM,49.72630556,9.50672222
EDALF,ALTFELD,49.83194444,9.5375
EDJOH,FULDA-JOHANNISAU,50.53666667,9.66166667
EDLGB,LANGENBERG,50.79666667,9.56333333
EDVD,USLAR,51.66388333,9.61027778
EDVT,ITHWIESEN,51.95133333,9.66216667
EDHHA,HELLENHAGEN,52.02611111,9.56222222
EDVH,HODENHAGEN,52.76333333,9.61222222
EDWRO,WALSRODE LUISENHÖHE,52.88861111,9.6
EDHU,LAUENBRÜCK,53.207222,9.573889
EDHF,ITZEHOE/HUNGRIGER WOLF,53.9925,9.57666667
EDXR,RENDSBURG,54.219451,9.598144
ETNH,HOHN,54.312192,9.538159
EDXC,SCHLESWIG-KROPP,54.425489,9.542245
ETNS,SCHLESWIG,54.45944444,9.51638889
EDWBB,WILDBERG,47.6,9.74166667
EDBWR,BAD WALDSEE REUTE,47.915,9.71028333
EDMB,BIBERACH A.D. RISS,48.111,9.762833
EDEHI,EHINGEN-SCHLECHTENFELD,48.28471667,9.67333333
EDMC,BLAUBEUREN,48.419833,9.798833
EDSEI,SEISSEN,48.41333333,9.76555556
EDPB,BAD DITZENBACH,48.562775,9.729167
EDBER,BERNECK,48.57416667,9.72888889
EDOPI,OPPINGEN/AU,48.55667222,9.82193889
EDTX,WECKRIEDEN,49.124996,9.7825
EDTY,SCHWÄBISCH HALL,49.11831667,9.78395556
EDHTH,HERMUTHAUSEN,49.31445,9.74528333
EDDRB,DÖRZBACH,49.35083333,9.71472222
EDGU,UNTERSCHÜPF,49.515499,9.668333
EDKAR,KARLSTADT-SAUPURZEL,49.97111111,9.79055556
EDGOES,GÖSSENHEIM,50.02827222,9.77278611
EDBBR,BAD BRÜCKENAU,50.27166667,9.82333333
EDPLA,DER PLÄTZER,50.71,9.73833333
EDEN,BAD HERSFELD,50.8445,9.70733333
EDHES,HESSISCH LICHTENAU,51.18882222,9.74395
EDWTZ,BURGBERG BEI WITZENHAUSEN,51.35167222,9.82667222
EDWEP,WEPER,51.7125,9.8025
EDHPP,HOPPENSEN,51.78638889,9.75527778
EDADS,AN DEN 7 BERGEN,52.05805556,9.81138333
EDDV,HANNOVER,52.46021389,9.68352222
EDBID,FRESH BREEZE,52.51805556,9.73166667
EDHOP,HÖPEN,53.1475,9.79611667
EDWEN,WENZENDORF,53.33777778,9.78
EDFIS,FISCHBEK,53.45583333,9.82945
EDHI,FINKENWERDER,53.53379722,9.83228611
EDHE,UETERSEN/HEIST,53.646667,9.704167
EDHO,AHRENLOHE,53.701385,9.741667
EDAUK,AUKRUG,54.06471667,9.79833333
EDWAK,KISSLEGG,47.75361111,9.86555556
EDOXS,OCHSENHAUSEN,48.05388889,9.91666667
ETHL,LAUPHEIM,48.220141,9.909415
EDNE,ERBACH,48.342,9.916
EDPM,DONZDORF,48.678221,9.845926
EDTH,HEUBACH,48.803005,9.927898
EDHRN,HORNBERG,48.74623889,9.8625
EDMFA,MITTELFISCHACH,49.03333333,9.8725
ETHN,NIEDERSTETTEN,49.391862,9.958224
EDQG,GIEBELSTADT,49.64813056,9.96648333
EDRID,RIEDENHEIM,49.54916667,9.95166667
EDFW,WÜRZBURG,49.818,9.89744478
EDGH,HETTSTADT,49.798607,9.836945
EDFJ,LAGER HAMMELBURG,50.098606,9.88333333
EDER,WASSERKUPPE,50.498258,9.95311
EDHNR,HUHNRAIN,50.49027778,9.84833333
EDSON,DORNBERG BEI SONTRA,51.08916667,9.91555
EDSUL,SULTMERBERG,51.72945,9.99221667
EDVM,HILDESHEIM,52.179833,9.945667
EDMED,MEISSENDORF,52.71278333,9.87333333
EDDH,HAMBURG,53.63027778,9.98822778
EDHN,NEUMÜNSTER,54.07943344,9.94174958
EDISN,ISNY-ROTMOOS,47.70055556,10.0225
EDNL,LEUTKIRCH,47.859401,10.01533
EDMT,TANNHEIM,48.01083,10.100833
EDMI,ILLERTISSEN,48.235,10.138056
EDNW,WEISSENHORN,48.289668,10.140678
EDPT,GERSTETTEN,48.62027833,10.05914956
EDPU,BARTHOLOMÄ-AMALIENHOF,48.746954,10.004808
EDSHE,SCHÄFHALDE,48.69444444,10.10028333
EDWPH,WEIPERTSHOFEN,49.08666667,10.12833333
EDLEU,LEUZENDORF,49.35166111,10.07416111
EDGJ,OCHSENFURT,49.67360306,10.07113075
EDFK,BAD KISSINGEN,50.2105,10.068833
EDWED,WEIDBERG,50.60888333,10.08805
EDSFB,STAUFFENBÜHL,51.15916111,10.04721667
EDHD,EICHSFELD,51.4075,10.14528333
EDVN,NORTHEIM,51.706661,10.039
EDVA,BAD GANDERSHEIM,51.852833,10.0265
EDSGW,STEINBERG BEI WESSELN,52.08388333,10.01861667
ETHC,CELLE,52.59138889,10.02361111
EDEHL,GROSSES MOOR,52.53611667,10.01971667
EDVC,CELLE-ARLOH,52.68777778,10.1125
EDCEL,SCHEUEN,52.66833333,10.08777778
EDXSBE,SCHWEDENSTEBEL,52.82222222,10.04027778
EDHOL,HOLTORFSLOH,53.32221667,10.07445
EDBOB,BOBERG,53.51471667,10.14416667
EDHM,HARTENHOLM,53.914993,10.040556
EDHK,KIEL-HOLTENAU,54.37946944,10.14514722
EDAGA,AGATHAZELL,47.55444444,10.27278333
EDJA,MEMMINGEN,47.98882222,10.23948333
EDMG,GÜNZBURG-DONAURIED,48.486184,10.282183
EDNG,GIENGEN/BRENZ,48.634272,10.216459
EDPA,AALEN-HEIDENHEIM,48.77888889,10.26583333
EDNER,NERESHEIM,48.74166667,10.32833333
EDPY,ELLWANGEN,48.96137,10.234569
EDUSH,UNTERSCHNEIDHEIM,48.95361111,10.32361111
EDFR,ROTHENBURG O.D.T.,49.38916667,10.21861111
EDIPP,IPPESHEIM,49.60971667,10.22583333
EDGY,KITZINGEN,49.744169,10.20748156
EDKOL,KOLITZHEIM,49.91972222,10.25861111
EDFS,SCHWEINFURT-SÜD,50.012157,10.251333
EDFD,BAD NEUSTADT,50.30611156,10.22722256
EDBUC,BÜCHIG,50.44833333,10.2525
EDBIS,BISCHOFSBERG,50.43166667,10.28333333
EDBAN,BAD SALZUNGEN,50.81666667,10.21805
EDAUE,AUE BEI HATTORF,51.63333333,10.25471667
EDVP,PEINE GLINDBRUCHKIPPE,52.32388333,10.18195
EDASA,AM SALZGITTERSEE,52.17058944,10.31641483
EDOPH,OPPERSHAUSEN,52.59555,10.22360556
ETHS,FASSBERG,52.91933333,10.18383333
EDHW,WAHLSTEDT,53.968658,10.223666
EDMK,KEMPTEN,47.692219,10.33807
EDNU,THANNHAUSEN,48.290167,10.442
EDMU,GUNDELFINGEN,48.57135144,10.365001
EDNQ,BOPFINGEN,48.84846011,10.33375861
EDND,DINKELSBÜHL,49.065,10.401
ETIK,ILLESHEIM,49.47388333,10.38805
EDQB,BAD WINDSHEIM,49.51111111,10.36788889
EDKBG,AM KREUZBERG,50.30833333,10.37333333
EDBKO,AM HIMMELREICH,50.28714722,10.42038333
EDDOL,DOLMAR,50.6125,10.47278333
EDGE,EISENACH KINDEL,50.99138889,10.48055556
EDGOS,BOLLRICH,51.90528333,10.45945
EDVS,SALZGITTER-DRÜTTE,52.154163,10.4265
EDVJ,SALZGITTER SCHÄFERSTUHL,52.02866667,10.36833333
EDVQ,WILSCHE,52.5245,10.46283333
EDUMM,UMMERN,52.62027778,10.41000556
EDBHE,BERLINER HEIDE,52.67114444,10.37123333
EDVU,UELZEN,52.983158,10.465333
EDHG,LÜNEBURG,53.24833333,10.45861111
ETSK,KAUFBEUREN,47.86221667,10.61471667
EDMN,MINDELHEIM,48.107463,10.524655
EDNH,BAD WÖRISHOFEN-NORD,48.015833,10.613333
EDWOE,BAD WÖRISHOFEN,48.02695,10.60166667
EDNO,NÖRDLINGEN,48.87112044,10.50611306
EDUSN,UNTERSCHWANINGEN,49.0875,10.63611667
EDIRS,IRSINGEN,49.03833333,10.50333333
EDGSH,GEILSHEIM,49.02452778,10.65916111
ETEB,ANSBACH,49.30805,10.63861667
EDQN,NEUSTADT/AISCH,49.58783,10.577666
EDQT,HASSFURT-SCHWEINFURT,50.01805556,10.52944444
EDEB,BAD LANGENSALZA,51.12919,10.621663
EDCO,OBERMEHLER,51.26766667,10.63483333
EDEQ,MÜHLHAUSEN,51.21320342,10.55
EDHOH,HOHENSTEIN,51.53361111,10.57861111
EDGRW,GROSSE WIESE,52.13722222,10.57055
EDDST,DORSTADT,52.1,10.55138889
EDVE,BRAUNSCHWEIG,52.31936111,10.55888889
EDFUS,FÜSSEN,47.58333333,10.69166667
EDNS,SCHWABMÜNCHEN,48.179217,10.703191
EDSTI,STILLBERGHOF,48.73083333,10.83333333
EDMH,GUNZENHAUSEN,49.11214,10.781832
EDQF,ANSBACH PETERSDORF,49.362,10.66966667
EDBEB,BURGEBRACH,49.83945,10.78055
EDQR,EBERN-SENDELBACH,50.039722,10.822778
EDXWSH,WESTHAUSEN,50.30555556,10.68
EDQS,SUHL-GOLDLAUTER,50.632771,10.727222
EDCRA,CRAWINKEL,50.7775,10.81500556
EDEG,GOTHA-OST,50.970315,10.728169
EDHAIN,HAIN,51.4378,10.7736
EDUER,UEHRDE,52.10083333,10.73805
EDSTU,STÜDE,52.56365586,10.6849985
EDTEL,TELDAU,53.32777778,10.8325
EDNGU,NEU GÜLZE,53.38166667,10.805
EDGRA,GRAMBEKER HEIDE,53.58333333,10.69861667
EDHL,LÜBECK-BLANKENSEE,53.805,10.71777778
EDXT,SIERKSDORF,54.067829,10.743167
EDPEI,PEITING,47.75833333,10.90833333
ETHA,ALTENSTADT,47.835507,10.871161
EDGER,GERATSHOF,47.99278333,10.84417222
ETSA,LANDSBERG,48.070419,10.905625
ETSL,LECHFELD,48.18815614,10.86343003
EDMA,AUGSBURG,48.42515833,10.93176389
EDMQ,DONAUWÖRTH-GENDERKINGEN,48.703044,10.851905
EDNT,TREUCHTLINGEN-BUBENHEIM,48.996,10.884833
EDFUE,FÜRTH-SECKENDORF,49.48143006,10.85884381
EDQH,HERZOGENAURACH,49.582691,10.8781
EDQA,BAMBERG,49.92055,10.91448889
EDQC,COBURG-BRANDENSTEINSEBENE,50.26243211,10.99585247
EDQY,COBURG-STEINRÜCKEN,50.23027,10.995833
EDDE,ERFURT-WEIMAR,50.97981111,10.95810556
EDAO,NORDHAUSEN,51.494442,10.834723
EDHFE,HASSELFELDE,51.704311,10.875138
EDDGS,DINGELSTEDT,51.98663889,10.96852778
EDHEL,HELMSTEDT,52.23416667,10.97833333
EDKUN,KUNRAU,52.5675,10.99638333
EDPZ,PATERZELL,47.84611111,11.06111111
EDMJ,JESENWANG,48.174438,11.125
EDSIR,SIRCHENRIED,48.27777778,11.03555556
EDAIC,AICHACH,48.47333333,11.13528333
EDBGH,BURGHEIM,48.69199372,11.03368472
EDWSB,WÜLZBURG,49.02388889,11.01583333
EDGERS,GERSDORF,49.03194444,11.14111111
EDPH,SCHWABACH-BÜCHENBACH,49.268732,11.009508
ETSR,ROTH,49.2175,11.100167
EDDN,NÜRNBERG,49.4987,11.07800833
EDQX,HETZLESER BERG,49.64332711,11.16305589
EDQE,BURG FEUERSTEIN,49.79499967,11.13455589
EDDOB,DOBENREUTH,49.69666667,11.14333333
EDFWA,FRIESENER WARTE,49.83638333,11.04666667
EDQL,LICHTENFELS,50.148331,11.047334
EDOS,PENNEWITZ,50.66945822,11.05055456
EDNIE,NIEDERWILLINGEN,50.78027778,11.05194444
EDBA,ARNSTADT-ALKERSLEBEN,50.840996,11.070333
EDOF,BAD FRANKENHAUSEN,51.372778,11.143056
EDTAN,TANGELN,52.66638889,11.01277778
EDHC,LÜCHOW-REHBECK,53.015167,11.144167
EDHB,GRUBE,54.24527,11.024722
EDNJD,NEUJELLINGSDORF,54.45591356,11.10929297
EDPOM,OHLSTADT,47.65777778,11.23388889
EDANF,ANTDORF,47.76008889,11.30431111
EDLST,LANDSTETTEN,47.98111111,11.24388889
EDMO,OBERPFAFFENHOFEN,48.08136389,11.28306667
ETSF,FÜRSTENFELDBRUCK,48.20555556,11.26694444
EDNJ,NEUBURG-EGWEIL,48.782333,11.215333
ETSN,NEUBURG,48.710999,11.21155
EDPE,EICHSTÄTT,48.877495,11.18333333
EDPW,THALMÄSSING,49.064167,11.209167
EDGDG,GREDING,49.06221667,11.29195
EDQI,LAUF-LILLINGHOF,49.604721,11.283889
EDNEUK,NEUKENROTH (GSD),50.32833333,11.28194444
EDOK,RUDOLSTADT-GROSCHWITZ,50.73333333,11.241667
EDOB,BAD BERKA,50.905,11.259167
EDBS,SÖMMERDA-DERMSDORF,51.198997,11.1925
EDCB,BALLENSTEDT,51.74583322,11.22805589
EDOYM,HOYM,51.77805,11.28555
EDOL,OSCHERSLEBEN,52.040333,11.202833
EDSZW,SALZWEDEL,52.82805,11.31638333
EDBOZ,BOBZIN,53.48666667,11.17
EDBEN,BENEDIKTBEUERN,47.71555556,11.39166111
EDKDF,KÖNIGSDORF,47.82861111,11.465
EDMD,DACHAU,48.228333,11.423056
EDETT,INGOLSTADT-ETTING,48.81,11.42166667
EDNC,BEILNGRIES,49.021118,11.484781
EDNI,BERCHING,49.132385,11.444119
EDPO,NEUMARKT/OPF.,49.285553,11.444726
EDOTT,OTTENBERG,49.32873611,11.47973611
EDFOR,FORST-SENGENTHAL,49.21524811,11.40063953
EDALH,ALTDORF-HAGENHAUSEN,49.38746261,11.42245006
EDPIL,PILSACH,49.35196111,11.48850833
EDHER,HERSBRUCK,49.50833333,11.44333333
EDQK,KULMBACH,50.134948,11.459169
EDKRO,KRONACH,50.24361111,11.35888889
EDOU,WEIMAR-UMPFERSTEDT,50.964722,11.400278
EDBT,ALLSTEDT,51.3805,11.446667
EDCQ,ASCHERSLEBEN,51.765331,11.4985
EDBC,MAGDEBURG-COCHSTEDT,51.85592778,11.41800833
EDOC,GARDELEGEN,52.527667,11.354167
EDGRE,GREILING,47.765,11.595
EDKLA,KLEINHARTPENNING,47.85166667,11.66611667
EDHAR,HARTENSTEIN-THIERFELD,50.67611667,12.68166667
EDNX,OBERSCHLEISSHEIM,48.239163,11.559057
EDHAT,HALLERTAU,48.65,11.59722222
ETSI,INGOLSTADT/MANCHING,48.720786,11.530987
EDGUG,GÜNCHING,49.26777222,11.57278333
EDFIC,FICHTELBRUNN,49.49818803,11.659297
EDQZ,PEGNITZ-ZIPSER BERG,49.762165,11.574667
EDQD,BAYREUTH,49.98442778,11.63856944
EDTIT,TITSCHENDORF,50.39721667,11.52278333
EDUO,OBERRISSDORF,51.543059,11.595192
EDBM,MAGDEBURG/CITY,52.07365833,11.62757778
EDAN,NEUSTADT-GLEWE,53.361,11.615
EDBP,PINNOW,53.615273,11.561111
EDCW,WISMAR,53.91464614,11.50104236
EDCR,RERIK-ZWEEDORF,54.082248,11.64936
EDWAR,WARNGAU,47.82528333,11.70611667
EDSOL,SOLLACH,47.90534722,11.76975
EDDM,MÜNCHEN,48.35378333,11.78608611
EDHIE,HIENHEIM,48.87833333,11.76
EDAMB,AMBERG,49.43833333,11.80666667
VILSECK,VILSECK,49.63388778,11.76805533
EDQP,ROSENTHAL-PLÖSSEN,49.862991,11.787666
EDNZ,ZELL-HAIDBERG,50.136909,11.794574
EDQO,OTTENGRÜNER HEIDE,50.225826,11.7325
EDBJ,JENA-SCHÖNGLEINA,50.915161,11.714519
EDBL,LAUCHA,51.246105,11.693055
EDOZ,SCHÖNEBECK,51.996139,11.789875
EDOM,KLEIN MÜHLINGEN,51.945831,11.781111
EDOV,STENDAL BORSTEL,52.628833,11.82
EDPER,PERLEBERG,53.07055,11.81833333
EDOP,SCHWERIN-PARCHIM,53.42699722,11.78343611
EDPAR,PARCHIM,53.41833333,11.80193889
EDGEI,GEITAU,47.68,11.96166667
EDANT,ANTERSBERG,47.9625,11.99638889
EDSTR,STRASSHAM,48.178555,11.926556
ETSE,ERDING,48.32127761,11.94091703
EDPI,MOOSBURG AUF DER KIPPE,48.4575,11.94283333
EDGAM,GAMMELSDORF,48.56722222,11.93221667
ETIH,HOHENFELS,49.21638889,11.83638889
ETIC,GRAFENWÖHR,49.698883,11.93988
EDTRO,TRÖSTAU,50.02,11.93083333
EDQM,HOF-PLAUEN,50.28883611,11.85491944
EDAM,MERSEBURG,51.363,11.940833
EDCK,KÖTHEN,51.7225,11.961622
EDXDRO,DROSA,51.8253,11.8967
EDBG,BURG,52.241778,11.856326
EDMON,MÖCKERN,52.17696667,11.9293
EDBRN,BRANNENBURG,47.73916667,12.11611111
EDEDI,EDLING,48.07166667,12.13583333
EDML,LANDSHUT,48.511811,12.034004
EDHOT,HOHENTHANN,48.66445,12.05361667
EDOBH,OBERHINKOFEN,48.95166667,12.14666667
EDNR,REGENSBURG,49.141999,12.081683
EDPQ,SCHMIDGADEN,49.430824,12.098333
EDQW,WEIDEN/OPF.,49.678,12.118
EDERB,ERBENDORF,49.84472222,12.06833333
EDAJ,GERA-LEUMNITZ,50.881383,12.13538147
EDAQ,HALLE-OPPIN,51.5525,12.05361111
EDUZ,ZERBST,51.9975,12.136833
EDCL,KLIETZ/SCHARLIBBE,52.709929,12.073233
EDKAM,KAMMERMARK,53.19484711,12.16450978
EDNV,VOGTAREUTH,47.94638889,12.20555556
EDPC,BAD ENDORF,47.92631444,12.28734889
EDWTB,WASENTEGERNBACH,48.27333333,12.21833333
EDNM,NITTENAU-BRUCK,49.222425,12.296883
EDPF,SCHWANDORF,49.341098,12.18317
EDXERP,ERPETSHOF,49.65741667,12.29366667
EDTIR,TIRSCHENREUTH,49.87333333,12.325
EDOT,GREIZ-OBERGROCHLITZ,50.64386367,12.17454719
EDCH,SPROSSEN,51.043445,12.233047
EDDP,LEIPZIG/HALLE,51.42399167,12.23638333
EDXBRO,BRODAU,51.49888889,12.33
EDOX,RENNERITZ,51.593048,12.237222
EDAD,DESSAU,51.831828,12.184033
EDBU,PRITZWALK SOMMERSBERG,53.179933,12.184283
EDCU,GÜSTROW,53.805585,12.230138
ETNL,LAAGE,53.918167,12.278333
EDCX,PURKSHOF,54.160828,12.248611
EDUNT,UNTERWÖSSEN,47.72972222,12.43805556
EDTAU,TAUFKIRCHEN,48.138593,12.478659
EDNA,AMPFING WALDKRAIBURG,48.26333333,12.41333333
EDMP,VILSBIBURG,48.426791,12.345926
EDPD,DINGOLFING,48.656675,12.498553
EDPG,GRIESAU,48.953895,12.421618
EDOA,AUERBACH,50.49726222,12.37796608
EDBI,ZWICKAU,50.70138889,12.45277744
EDOE,BÖHLEN,51.215333,12.367833
EDAW,ROITZSCHJORA,51.576778,12.495778
EDUA,STECHOW-FERCHESAR,52.65066667,12.48783333
EDOR,STÖLLN/RHINOW,52.741,12.39
EDBK,KYRITZ,52.918833,12.425333
EDFRY,FREYENSTEIN,53.27555,12.36583333
EDJG,GRABENSTÄTT,47.85260881,12.54898372
EDPK,SCHÖNBERG,48.04778333,12.50055
EDMY,MÜHLDORF,48.27944444,12.50055556
EDALO,ALTÖTTING,48.21722222,12.64833333
EDMS,STRAUBING,48.90095,12.51735278
EDCHA,CHAM-JANAHOF,49.21166667,12.65666667
EDAC,LEIPZIG-ALTENBURG,50.98181667,12.50636111
EDGOP,GÖPFERSDORF,50.91388889,12.61305556
EDCT,TAUCHA,51.394722,12.536944
EDOJ,LÜSSE,52.143047,12.663889
EDBE,BRANDENBURG-MÜHLENFELD,52.436944,12.592778
EDAI,SEGELETZ,52.82650344,12.54317231
EDWIT,WITTSTOCK BERLINCHEN,53.22655869,12.56857967
EDOW,WAREN/VIELIST,53.567365,12.651357
EDME,EGGENFELDEN,48.39611111,12.72361111
EDARNS,ARNSCHWANG,49.27166667,12.77833333
EDBLN,BEEDELN,51.00694444,12.81472222
EDXZSC,ZSCHORNA,51.38833333,12.82083333
EDLOT,LOCKTOW,52.11681917,12.70942778
EDPLO,PLÖTZIN,52.35555556,12.825
EDOI,BIENENFARM,52.660271,12.747778
EDBF,FEHRBELLIN,52.79332411,12.76027833
EDNRP,NEURUPPIN,52.94253922,12.77837564
EDAX,MÜRITZ AIRPARK,53.306417,12.753139
EDBH,BARTH,54.338175,12.71010556
EDTEI,TEISENDORF PANK,47.82666667,12.845
EDNK,KIRCHDORF AM INN,48.238056,12.976667
EDNP,PFARRKIRCHEN,48.419762,12.862573
EDMW,DEGGENDORF,48.830249,12.879531
EDNB,ARNBRUCK,49.125013,12.985499
EDCJ,CHEMNITZ,50.74722222,12.83722222
EDALA,ALTES LAGER,51.99635697,12.97271633
EDBOR,BORK,52.23388333,12.84721667
EDAG,GROSSRÜCKERSWALDE,50.644083,13.128354
EDOQ,OSCHATZ,51.296918,13.079955
EDOG,TORGAU-BEILRODE,51.57116667,13.05216667
EDBO,OEHNA,51.898994,13.055833
EDCS,SAARMUND,52.308375,13.099072
EDAZ,SCHÖNHAGEN,52.20388889,13.16
EDKRE,KREMMEN,52.79528333,13.10445
EDBV,STRALSUND,54.338665,13.046833
EDMV,VILSHOFEN,48.635,13.19555556
EDOH,LANGHENNERSDORF,50.948279,13.261544
EDRIS,RIESA CANITZ,51.30305,13.22778333
EDUF,FALKENBERG-LÖNNEWITZ,51.54783333,13.22816667
ETSH,HOLZDORF,51.767856,13.16795
EDOD,REINSDORF,51.90078806,13.19543028
EDDT,BERLIN-TEGEL,52.55968611,13.28771111
EDUG,GRANSEE,53.00666667,13.20138889
EDBN,NEUBRANDENBURG,53.60223611,13.30608056
EDUW,TUTOW,53.922,13.218833
EDCG,RÜGEN,54.38333333,13.325278
EDMF,FÜRSTENZELL,48.518053,13.345942
EDNF,ELSENTHAL-GRAFENAU,48.82333333,13.36695
EDMOH,MOHORN,50.99819444,13.44647222
EDAU,RIESA-GÖHLIS,51.292957,13.35769
EDDB,BERLIN-BRANDENBURG,52.35203553,13.4960575
EDROH,ROGGENHAGEN,53.67,13.39833333
EDBY,SCHMOLDOW,53.970665,13.344
EDPRE,PRETZSCHENDORF,50.88388889,13.53166667
EDAK,GROSSENHAIN,51.30666667,13.56055556
EDPS,SONNEN,48.682095,13.69438
EDDC,DRESDEN,51.13434444,13.768
EDUS,FINSTERWALDE SCHACKSDORF,51.6075,13.738
EDAS,FINSTERWALDE-HEINRICHSRUH,51.63433333,13.67183333
EDCF,FRIEDERSDORF,52.28362667,13.80348167
EDBW,WERNEUCHEN,52.633,13.767
EDAV,EBERSWALDE-FINOW,52.827167,13.6935
EDCA,ANKLAM,53.8327,13.669131
EDCP,PEENEMÜNDE,54.15833333,13.77388889
EDAR,PIRNA-PRATZSCHWITZ,50.979643,13.908533
EDBZ,SCHWARZHEIDE/SCHIPKAU,51.49222222,13.87952778
EDBQ,BRONKOW,51.67167,13.96167
EDAY,STRAUSBERG,52.580167,13.91583333
EDCV,PASEWALK,53.50433,13.9485
EDCM,KAMENZ,51.296929,14.127913
EDBRU,BRAUNA,51.283384,14.058557
EDCY,WELZOW,51.578615,14.138857
EDUY,SEDLITZER SEE,51.557834,14.104999
EDKKN,KLEINKOSCHEN,51.51316667,14.08066667
EDCE,EGGERSDORF,52.48277778,14.09083333
EDCRU,CRUSSOW,53.01361667,14.07305
EDAH,HERINGSDORF,53.87870556,14.15234722
EDXTHI,MELLENTHIN,53.91714478,14.03364944
EDAT,NARDT,51.451218,14.200414
EDON,NEUHARDENBERG,52.612999,14.242667
EDAP,NEUHAUSEN,51.68483,14.423166
EDGRO,GRONENFELDE,52.36424167,14.49432333
EDAB,BAUTZEN,51.19353056,14.51974722
EDCI,KLIX,51.27138889,14.50558333
EDCD,COTTBUS,51.889475,14.531986
EDAE,EISENHÜTTENSTADT,52.197333,14.585667
EDBX,GÖRLITZ,51.159173,14.950932
EDBR,ROTHENBURG/GÖRLITZ,51.36523889,14.95095278
LFPA,PERSAN BEAUMONT,49.165,2.311667
LFPE,MEAUX ESBLY,48.926944,2.833889
LFPD,BERNAY SAINT MARTIN,49.1025,0.565556
LFPB,PARIS LE BOURGET,48.969525,2.441492
LFOX,ETAMPES MONDESIR,48.381111,2.073889
LFOW,SAINT QUENTIN ROUPY,49.816944,3.206667
LFOV,LAVAL ENTRAMMES,48.03225,-0.742781
LFOU,CHOLET LE PONTREAU,47.081906,-0.877217
LFOZ,ORLEANS SAINT DENIS DE L'HOTEL,47.897617,2.164208
LFOY,LE HAVRE SAINT ROMAIN,49.543889,0.359722
LFPP,LE PLESSIS BELLEVILLE,49.109167,2.736944
LFPQ,FONTENAY TRESIGNY,48.706111,2.902778
LFPN,TOUSSUS LE NOBLE,48.749756,2.111178
LFPO,PARIS ORLY,48.723281,2.379578
LFPT,PONTOISE CORMEILLES EN VEXIN,49.096628,2.040722
LFPU,MORET EPISY,48.340833,2.797778
LFPR,ORANGE PLAN DE DIEU,44.179444,4.918889
LFPH,CHELLES LE PIN,48.896667,2.606111
LFPF,BEYNES THIVERVAL,48.843611,1.908889
LFPG,PARIS CHARLES DE GAULLE,49.009747,2.547819
LFPL,LOGNES EMERAINVILLE,48.821944,2.622778
LFPM,MELUN VILLAROCHE,48.605283,2.670781
LFPK,COULOMMIERS VOISINS,48.8375,3.014444
LFOB,BEAUVAIS TILLE,49.454422,2.112814
LFOA,AVORD,47.056944,2.638889
LFOD,SAUMUR SAINT FLORENT,47.256731,-0.113553
LFOC,CHATEAUDUN,48.057875,1.379442
LFNU,UZES,44.083472,4.393833
LFNT,AVIGNON PUJAUT,43.996111,4.754444
LFNW,PUIVERT,42.910278,2.054722
LFNV,VALREAS VISAN,44.335833,4.906944
LFNX,BEDARIEUX LA TOUR SUR ORB,43.639722,3.144722
LFNZ,LE MAZET DE ROMANIN,43.770833,4.894444
LFOM,LESSAY,49.203333,-1.504722
LFON,DREUX VERNOUILLET,48.705833,1.361389
LFOO,LES SABLES D'OLONNE TALMONT,46.475556,-1.725
LFOP,ROUEN VALLEE DE SEINE,49.390953,1.183936
LFOQ,BLOIS LE BREUIL,47.679833,1.205775
LFOR,CHARTRES METROPOLE,48.458889,1.523889
LFOS,SAINT VALERY VITTEFLEUR,49.835278,0.655556
LFOT,TOURS VAL DE LOIRE,47.431944,0.723056
LFOE,EVREUX FAUVILLE,49.028611,1.22
LFOF,ALENCON VALFRAMBERT,48.446667,0.108333
LFOG,FLERS SAINT PAUL,48.749722,-0.594722
LFOH,LE HAVRE OCTEVILLE,49.533847,0.088119
LFOI,ABBEVILLE,50.142222,1.831111
LFOJ,ORLEANS BRICY,47.987778,1.760556
LFOK,CHALONS VATRY,48.773325,4.206156
LFOL,L'AIGLE SAINT MICHEL,48.758889,0.657778
LFNC,MONT DAUPHIN SAINT CREPIN,44.700556,6.599167
LFNB,MENDE BRENOUX,44.504081,3.527633
LFNA,GAP TALLARD,44.453889,6.036667
LFMZ,LEZIGNAN CORBIERES,43.175,2.732778
LFMY,SALON DE PROVENCE,43.602908,5.108167
LFMX,CHATEAU ARNOUX SAINT AUBAN,44.058611,5.990833
LFMW,CASTELNAUDARY VILLENEUVE,43.311111,1.92
LFMV,AVIGNON CAUMONT,43.906581,4.902028
LFMU,BEZIERS VIAS,43.323428,3.353397
LFMT,MONTPELLIER MEDITERRANEE,43.583261,3.961378
LFMS,ALES CEVENNES,44.072733,4.142919
LFNR,BERRE LA FARE,43.536667,5.1775
LFNS,SISTERON VAUMEILH,44.286667,5.929167
LFNQ,LA LLAGONNE LA QUILLANE,42.543461,2.120022
LFNN,NARBONNE,43.194167,3.051667
LFNO,FLORAC SAINTE ENIMIE,44.285556,3.465556
LFNL,SAINT MARTIN DE LONDRES,43.800278,3.781667
LFNJ,ASPRES SUR BUECH,44.517778,5.736111
LFNH,CARPENTRAS,44.0225,5.09
LFNF,VINON,43.736389,5.783056
LFNG,MONTPELLIER CANDILLARGUES,43.610172,4.070161
LFNE,SALON EYGUIERES,43.6575,5.012778
LFMA,AIX LES MILLES,43.505278,5.367222
LFLZ,FEURS CHAMBEON,45.706667,4.196944
LFLW,AURILLAC,44.897583,2.416719
LFLV,VICHY CHARMEIL,46.171783,3.404033
LFLY,LYON BRON,45.729519,4.938844
LFLX,CHATEAUROUX DEOLS,46.860314,1.721125
LFLS,GRENOBLE ALPES ISERE,45.362936,5.332664
LFLR,SAINT RAMBERT D'ALBON,45.255,4.824722
LFLU,VALENCE CHABEUIL,44.915558,4.968744
LFLT,MONTLUCON DOMERAT,46.352778,2.570556
LFMO,ORANGE CARITAT,44.140089,4.868581
LFMP,PERPIGNAN RIVESALTES,42.740833,2.869722
LFMQ,LE CASTELLET,43.252222,5.786111
LFMR,BARCELONNETTE SAINT PONS,44.387222,6.609167
LFMK,CARCASSONNE SALVAZA,43.215817,2.308544
LFML,MARSEILLE PROVENCE,43.436633,5.215119
LFMN,NICE COTE D'AZUR,43.665406,7.214983
LFMG,MONTAGNE NOIRE,43.406389,1.989167
LFMH,SAINT ETIENNE LOIRE,45.53405,4.297311
LFMI,ISTRES LE TUBE,43.522394,4.924236
LFMC,LE LUC LE CANNET,43.384722,6.386944
LFMD,CANNES MANDELIEU,43.546389,6.954167
LFME,NIMES COURBESSAC,43.853056,4.414444
LFMF,FAYENCE,43.608056,6.701667
LFKS,SOLENZARA,41.926289,9.405303
LFKT,CORTE,42.290278,9.1925
LFKR,SAINT REMY DE MAURIENNE,45.375033,6.277814
LFKX,MERIBEL ROBERT MERLOZ,45.4075,6.5775
LFKY,BELLEY-PEYRIEU,45.693889,5.691667
LFLA,AUXERRE BRANCHES,47.846328,3.496578
LFLE,CHAMBERY CHALLES LES EAUX,45.560556,5.975833
LFLD,BOURGES,47.060786,2.370083
LFLC,CLERMONT FERRAND AUVERGNE,45.785972,3.16245
LFLB,CHAMBERY AIX LES BAINS,45.639272,5.880122
LFLI,ANNEMASSE,46.191944,6.268333
LFLH,CHALON CHAMPFORGEUIL,46.828275,4.817058
LFLG,GRENOBLE LE VERSOUD,45.218056,5.848611
LFLM,MACON CHARNAY,46.295922,4.795858
LFLL,LYON SAINT EXUPERY,45.725639,5.081106
LFLK,OYONNAX ARBENT,46.278611,5.666389
LFLJ,COURCHEVEL,45.395833,6.6325
LFLQ,MONTELIMAR ANCONE,44.580278,4.739167
LFLP,ANNECY MEYTHET,45.930775,6.106289
LFLO,ROANNE,46.052778,3.999722
LFLN,SAINT YAN,46.406619,4.020986
LFJR,ANGERS MARCE,47.560211,-0.312128
LFJS,SOISSONS COURMELLES,49.345,3.283056
LFJT,TOURS LE LOUROUX,47.15,0.712778
LFJU,LURCY LEVIS,46.712222,2.944722
LFJV,LASCLAVERIES,43.425278,-0.286944
LFJY,CHAMBLEY,49.025469,5.876092
LFKB,BASTIA PORETTA,42.55,9.484847
LFKA,ALBERTVILLE GENERAL PIERRE DELACHENAL,45.626389,6.328889
LFKD,SOLLIERES SARDIERES,45.253889,6.801111
LFKC,CALVI SAINTE CATHERINE,42.524356,8.793011
LFKF,FIGARI SUD CORSE,41.502108,9.096747
LFKE,SAINT JEAN EN ROYANS,45.026389,5.309167
LFKH,SAINT JEAN D'AVELANNE,45.515833,5.679444
LFKG,GHISONACCIA ALZITONE,42.054444,9.400278
LFKJ,AJACCIO NAPOLEON BONAPARTE,41.923897,8.802436
LFKL,LYON BRINDAS,45.71065,4.69665
LFKK,MONTMEILLEUR,44.793611,5.761667
LFKM,SAINT GALMIER,45.606389,4.305
LFKP,LA TOUR DU PIN CESSIEU,45.558889,5.383889
LFKO,PROPRIANO,41.660278,8.893889
LFIV,VENDAYS MONTALIVET,45.380556,-1.115833
LFIS,SAINT INGLEVERT LES DEUX CAPS,50.8825,1.736111
LFIT,TOULOUSE BOURG SAINT BERNARD,43.611111,1.724167
LFIR,REVEL MONTGEY,43.480278,1.978889
LFIP,PEYRESOURDE BALESTAS,42.796944,0.433889
LFIY,SAINT JEAN D'ANGELY SAINT DENIS DU PIN,45.965203,-0.524358
LFIX,ITXASSOU,43.3375,-1.422222
LFJF,AUBENASSON,44.695278,5.153889
LFJD,CORLIER,46.039722,5.496111
LFJC,CLAMECY,47.4375,3.5075
LFJB,MAULEON,46.903056,-0.6975
LFJA,CHAUMONT SEMOUTIERS,48.091667,5.05
LFJL,METZ NANCY LORRAINE,48.978281,6.246531
LFJI,MARENNES,45.823889,-1.077222
LFJH,CAZERES PALAMINY,43.200833,1.05
LFHR,BRIOUDE BEAUMONT,45.323889,3.358333
LFHS,BOURG CEYZERIAT,46.205619,5.291794
LFHT,AMBERT LE POYET,45.515556,3.745
LFHU,L'ALPE D'HUEZ,45.0875,6.083611
LFHN,BELLEGARDE VOUVRAY,46.123333,5.804722
LFHO,AUBENAS ARDECHE MERIDIONALE,44.539419,4.371733
LFHP,LE PUY LOUDES,45.079656,3.763442
LFHQ,SAINT FLOUR COLTINES,45.074919,2.992636
LFHV,VILLEFRANCHE TARARE,45.919983,4.634931
LFHW,BELLEVILLE VILLIE MORGON,46.141111,4.713889
LFHX,LAPALISSE PERIGNY,46.253056,3.5875
LFHY,MOULINS MONTBEUGNY,46.534383,3.421606
LFID,CONDOM VALENCE SUR BAISE,43.909167,0.386111
LFIF,SAINT AFFRIQUE BELMONT,43.822778,2.747222
LFIB,BELVES SAINT PARDOUX,44.7825,0.958889
LFIL,RION DES LANDES,43.915833,-0.949167
LFIK,RIBERAC-TOURETTE,45.239444,0.265833
LFIM,SAINT GAUDENS MONTREJEAU,43.1075,0.619167
LFIH,CHALAIS,45.267078,0.015833
LFIG,CASSAGNES BEGONHES,44.178333,2.517778
LFXQ,COETQUIDAN,47.943889,-2.181944
LFXU,LES MUREAUX,48.998611,1.941667
LFXA,AMBERIEU,45.979722,5.337778
LFXB,SAINTES THENAC,45.701944,-0.636111
LFTZ,LA MOLE,43.205278,6.481944
LFTM,SERRES LA BATIE MONTSALEON,44.457222,5.727222
LFTN,LA GRAND'COMBE,44.243056,4.011111
LFTQ,CHATEAUBRIANT POUANCE,47.739444,-1.190278
LFTP,PUIMOISSON,43.868889,6.162778
LFTW,NIMES GARONS,43.757428,4.416344
LFTB,MARIGNANE BERRE,43.45,5.216667
LFTF,CUERS PIERREFEU,43.247589,6.127294
LFTH,HYERES LE PALYVESTRE,43.097344,6.146031
LFSL,BRIVE SOUILLAC,45.039639,1.485667
LFSK,VITRY LE FRANCOIS VAUCLERC,48.702222,4.683333
LFSJ,SEDAN DOUZY,49.658889,5.036667
LFSI,SAINT DIZIER ROBINSON,48.633536,4.908189
LFSP,PONTARLIER,46.908333,6.329167
LFSO,NANCY OCHEY,48.583186,5.954525
LFSN,NANCY ESSEY,48.692086,6.22605
LFSM,MONTBELIARD COURCELLES,47.486661,6.791469
LFST,STRASBOURG ENTZHEIM,48.541944,7.634444
LFSS,SAINT SULPICE DES LANDES,47.791667,-1.643611
LFSX,LUXEUIL SAINT SAUVEUR,47.787222,6.365
LFSW,EPERNAY PLIVOT,49.004444,4.085278
LFSV,PONT SAINT VINCENT,48.6,6.056389
LFSU,LANGRES ROLAMPONT,47.964167,5.293611
LFRZ,SAINT NAZAIRE MONTOIR,47.31065,-2.156803
LFSD,DIJON-LONGVIC,47.265817,5.094978
LFSA,BESANCON THISE,47.273611,6.083056
LFSB,BALE-MULHOUSE,47.589878,7.529222
LFSG,EPINAL MIRECOURT,48.325006,6.066742
LFSH,HAGUENAU,48.796944,7.819167
LFSE,EPINAL DOGNEVILLE,48.211389,6.448333
LFRM,LE MANS ARNAGE,47.948492,0.201647
LFRL,LANVEOC POULMIC,48.282531,-4.443692
LFRO,LANNION,48.754444,-3.471944
LFRN,RENNES SAINT JACQUES,48.071933,-1.732233
LFRI,LA ROCHE SUR YON LES AJONCS,46.702383,-1.381758
LFRH,LORIENT LANN BIHOUE,47.760556,-3.44
LFRK,CAEN CARPIQUET,49.173281,-0.449875
LFRJ,LANDIVISIAU,48.530258,-4.151642
LFRU,MORLAIX PLOUJEAN,48.600747,-3.816669
LFRT,SAINT BRIEUC ARMOR,48.537492,-2.856542
LFRW,AVRANCHES LE VAL SAINT PERE,48.660833,-1.405833
LFRV,VANNES MEUCON,47.719244,-2.723378
LFRQ,QUIMPER PLUGUFFAN,47.974947,-4.167875
LFRP,PLOERMEL LOYAT,48.001856,-2.378719
LFRS,NANTES ATLANTIQUE,47.157019,-1.607808
LFQW,VESOUL FROTEY,47.638611,6.204167
LFQX,JUVANCOURT,48.113889,4.819444
LFQY,SAVERNE STEINBOURG,48.753333,7.425833
LFQZ,DIEUZE GUEBLANGE,48.774444,6.714167
LFRD,DINARD PLEURTUIT SAINT MALO,48.587706,-2.07995
LFRE,LA BAULE ESCOUBLAC,47.288333,-2.346944
LFRF,GRANVILLE-MONT SAINT MICHEL,48.882875,-1.563833
LFRG,DEAUVILLE NORMANDIE,49.363394,0.159997
LFRB,BREST BRETAGNE,48.447131,-4.421753
LFRC,CHERBOURG MANCHE,49.650775,-1.4753
LFQN,SAINT OMER WIZERNES,50.728889,2.234444
LFQM,BESANCON LA VEZE,47.205308,6.08055
LFQL,LENS BENIFONTAINE,50.466389,2.819722
LFQK,CHALONS ECURY SUR COOLE,48.905556,4.352778
LFQJ,MAUBEUGE ELESMES,50.308333,4.03
LFQH,CHATILLON SUR SEINE,47.845278,4.579444
LFQG,NEVERS FOURCHAMBAULT,47.003731,3.110742
LFQV,CHARLEVILLE MEZIERES,49.785053,4.642808
LFQU,SARRE UNION,48.950833,7.076389
LFQT,MERVILLE CALONNE,50.6166,2.640094
LFQS,VITRY EN ARTOIS,50.3375,2.991944
LFQQ,LILLE LESQUIN,50.563425,3.086822
LFQP,PHALSBOURG BOURSCHEID,48.768153,7.205131
LFQO,LILLE MARCQ EN BAROEUL,50.687222,3.075556
LFPZ,SAINT CYR L'ECOLE,48.810278,2.073333
LFPX,CHAVENAY VILLEPREUX,48.842222,1.980278
LFPV,VILLACOUBLAY VELIZY,48.774172,2.191389
LFQE,ETAIN ROUVRES,49.229089,5.676039
LFQF,AUTUN BELLEVUE,46.971111,4.261111
LFQC,LUNEVILLE CROISMARE,48.593611,6.542222
LFQD,ARRAS ROCLINCOURT,50.323889,2.802778
LFQA,REIMS PRUNAY,49.208689,4.156581
LFQB,TROYES BARBEREY,48.321619,4.016622
LFYG,CAMBRAI NIERGNIES,50.141389,3.263611
LFYR,ROMORANTIN PRUNIERS,47.320833,1.688889
LFYS,SAINTE LEOCADIE,42.447222,2.010833
LFYV,YVETOT-BAONS LE COMTE,49.638611,0.7325
LFEA,BELLE ILE,47.326111,-3.198889
LFEB,DINAN TRELIVAN,48.443333,-2.103333
LFEF,AMBOISE DIERRE,47.340556,0.941111
LFEC,OUESSANT,48.463214,-5.063583
LFED,PONTIVY,48.056944,-2.923333
LFEI,BRIARE CHATILLON,47.614581,2.78185
LFEJ,CHATEAUROUX VILLERS,46.840833,1.62
LFEG,ARGENTON SUR CREUSE,46.595833,1.601111
LFEH,AUBIGNY SUR NERE,47.480556,2.394167
LFDM,MARMANDE VIRAZEIL,44.499167,0.200278
LFDL,LOUDUN,47.036111,0.100833
LFDK,SOULAC SUR MER,45.493889,-1.083889
LFDJ,PAMIERS LES PUJOLS,43.090683,1.695853
LFDQ,CASTELNAU MAGNOAC,43.2775,0.519444
LFDP,SAINT PIERRE D'OLERON,45.957778,-1.311389
LFDN,ROCHEFORT CHARENTE MARITIME,45.889508,-0.982347
LFDU,LESPARRE SAINT LAURENT MEDOC,45.196389,-0.884722
LFDT,TARBES LALOUBERE,43.215,0.0775
LFDS,SARLAT DOMME,44.792222,1.243611
LFDR,LA REOLE FLOUDES,44.566947,-0.05725
LFDY,BORDEAUX YVRAC,44.877222,-0.479167
LFDX,FUMEL MONTAYRAL,44.459167,1.007222
LFDW,CHAUVIGNY,46.583333,0.642222
LFDV,COUHE VERAC,46.270556,0.188333
LFFB,BUNO BONNEVAUX,48.350278,2.424444
LFFC,MANTES CHERENCE,49.078889,1.689722
LFFD,SAINT ANDRE DE L'EURE,48.8975,1.250833
LFFE,ENGHIEN MOISSELLES,49.045556,2.351944
LFFG,LA FERTE GAUCHER,48.7575,3.278889
LFFH,CHATEAU THIERRY BELLEAU,49.066667,3.355556
LFFI,ANCENIS,47.407222,-1.178889
LFFJ,JOINVILLE MUSSEY,48.385278,5.143333
LFFK,FONTENAY LE COMTE,46.440833,-0.793889
LFEL,LE BLANC,46.62,1.085833
LFEK,ISSOUDUN LE FAY,46.888611,2.041389
LFEN,TOURS SORIGNY,47.266414,0.699033
LFEM,MONTARGIS VIMORY,47.960556,2.685833
LFEP,POUILLY MACONGE,47.220556,4.560278
LFER,REDON BAINS SUR OUST,47.698611,-2.038056
LFEQ,QUIBERON,47.481389,-3.101667
LFET,TIL CHATEL,47.546389,5.210833
LFES,GUISCRIFF SCAER,48.053736,-3.664036
LFEV,GRAY SAINT ADRIEN,47.432222,5.621389
LFEU,BAR LE DUC LES HAUTS DE CHEE,48.867778,5.184167
LFEX,NANCY AZELOT,48.591944,6.239722
LFEW,SAULIEU LIERNAIS,47.238611,4.264444
LFEZ,NANCY MALZEVILLE,48.723611,6.206389
LFEY,ILE D'YEU,46.7175,-2.3925
LFGC,STRASBOURG NEUHOF,48.553611,7.7775
LFGA,COLMAR HOUSSEN,48.11035,7.359147
LFGB,MULHOUSE HABSHEIM,47.737222,7.429722
LFGK,JOIGNY,47.994444,3.390833
LFGL,LONS LE SAUNIER COURLAOUX,46.675,5.469167
LFGI,DIJON DAROIS,47.385278,4.946944
LFGJ,DOLE TAVAUX,47.042694,5.434928
LFGG,BELFORT CHAUX,47.700975,6.830833
LFGH,COSNE SUR LOIRE,47.360278,2.918333
LFGE,AVALLON,47.501944,3.898333
LFGF,BEAUNE CHALLANGES,47.010278,4.896389
LFFR,BAR SUR SEINE,48.066111,4.4125
LFFQ,LA FERTE ALAIS,48.499528,2.329964
LFFP,PITHIVIERS,48.156389,2.191111
LFFO,BEAUVOIR FROMENTINE,46.890556,-2.088611
LFFN,BRIENNE LE CHATEAU,48.429722,4.482222
LFFL,BAILLEAU ARMENONVILLE,48.514722,1.638611
LFFZ,SEZANNE SAINT REMY,48.709444,3.762778
LFFY,ETREPAGNY,49.305278,1.637778
LFFX,TOURNUS CUISERY,46.561389,4.975278
LFFW,MONTAIGU SAINT GEORGES,46.932222,-1.327222
LFFV,VIERZON MEREAU,47.194722,2.066667
LFFU,CHATEAUNEUF SUR CHER,46.871111,2.376944
LFFT,NEUFCHATEAU,48.361667,5.720278
LFHC,PEROUGES MEXIMIEUX,45.868611,5.186111
LFHD,PIERRELATTE,44.397778,4.716944
LFHE,ROMANS SAINT PAUL,45.064722,5.101389
LFHA,ISSOIRE LE BROC,45.513889,3.266111
LFHJ,LYON CORBAS,45.652778,4.912222
LFHL,LANGOGNE LESPERON,44.705556,3.887222
LFHM,MEGEVE,45.824444,6.648333
LFHF,RUOMS,44.444722,4.332778
LFHG,SAINT CHAMOND L'HORME,45.491944,4.534444
LFHH,VIENNE REVENTIN,45.462778,4.827778
LFHI,MORESTEL,45.686944,5.4525
LFGR,DONCOURT LES CONFLANS,49.151972,5.931278
LFGQ,SEMUR EN AUXOIS,47.481111,4.343056
LFGT,SARREBOURG BUHL,48.718333,7.08
LFGS,LONGUYON VILLETTE,49.483611,5.571944
LFGN,PARAY LE MONIAL,46.466667,4.133056
LFGM,MONTCEAU LES MINES POUILLOUX,46.603333,4.332778
LFGP,SAINT FLORENTIN CHEU,47.981389,3.776944
LFGO,PONT SUR YONNE,48.289444,3.248889
LFGZ,NUITS SAINT GEORGES,47.142222,4.968333
LFGY,SAINT DIE REMOMEIX,48.266389,7.0075
LFGU,SARREGUEMINES NEUNKIRCH,49.1275,7.106667
LFGX,CHAMPAGNOLE CROTENAY,46.763333,5.819722
LFGW,VERDUN SOMMEDIEUE,49.122181,5.470853
LFAB,DIEPPE SAINT AUBIN,49.882633,1.085331
LFAF,LAON CHAMBRY,49.594722,3.630278
LFAE,EU MERS LE TREPORT,50.069167,1.426667
LFAD,COMPIEGNE MARGNY,49.433611,2.804722
LFAC,CALAIS MARCK,50.960933,1.951433
LFBA,AGEN LA GARENNE,44.174714,0.590619
LFBC,CAZAUX,44.534886,-1.131453
LFBE,BERGERAC DORDOGNE PERIGORD,44.824431,0.520525
LFBD,BORDEAUX MERIGNAC,44.828653,-0.715344
LFBG,COGNAC CHATEAUBERNARD,45.658231,-0.317567
LFBF,TOULOUSE FRANCAZAL,43.549061,1.357261
LFAX,MORTAGNE AU PERCHE,48.539722,0.534167
LFAW,VILLERUPT,49.410556,5.889167
LFAY,AMIENS-GLISY,49.873103,2.386986
LFAO,BAGNOLES DE L'ORNE COUTERNE,48.544722,-0.385
LFAP,RETHEL PERTHES,49.481111,4.363333
LFAQ,ALBERT BRAY,49.970061,2.692617
LFAR,MONTDIDIER,49.673056,2.569167
LFAS,FALAISE MONTS D'ERAINES,48.926944,-0.144722
LFAT,LE TOUQUET COTE D'OPALE,50.514847,1.627578
LFAU,VAUVILLE,49.622778,-1.83
LFAV,VALENCIENNES DENAIN,50.324792,3.465444
LFAG,PERONNE SAINT QUENTIN,49.868861,3.0296
LFAI,NANGIS LES LOGES,48.596944,3.008056
LFAJ,ARGENTAN,48.709444,0.002778
LFAK,DUNKERQUE LES MOERES,51.040556,2.550278
LFAL,LA FLECHE THOREE LES PINS,47.692778,-0.001944
LFAM,BERCK SUR MER,50.423056,1.591944
LFCH,ARCACHON LA TESTE DE BUCH,44.596944,-1.113889
LFCG,SAINT GIRONS ANTICHAN,43.007778,1.103056
LFCF,FIGEAC LIVERNON,44.6725,1.788056
LFCE,GUERET SAINT LAURENT,46.175556,1.953056
LFCD,ANDERNOS LES BAINS,44.755,-1.065
LFCC,CAHORS LALBENQUE,44.350542,1.478586
LFCB,BAGNERES DE LUCHON,42.800556,0.601111
LFCA,CHATELLERAULT TARGE,46.780278,0.550556
LFBZ,BIARRITZ PAYS BASQUE,43.468308,-1.531161
LFBY,DAX SEYRESSE,43.689167,-1.068889
LFBX,PERIGUEUX BASSILLAC,45.197489,0.815217
LFBT,TARBES LOURDES PYRENEES,43.18545,-0.002894
LFBU,ANGOULEME BRIE CHAMPNIERS,45.729475,0.219153
LFBR,MURET LHERM,43.449156,1.263694
LFBS,BISCARROSSE PARENTIS,44.368056,-1.132222
LFBP,PAU PYRENEES,43.3799,-0.418511
LFBN,NIORT MARAIS POITEVIN,46.313422,-0.394433
LFBO,TOULOUSE BLAGNAC,43.635128,1.367856
LFBL,LIMOGES BELLEGARDE,45.860764,1.180306
LFBM,MONT DE MARSAN,43.911389,-0.51
LFBJ,SAINT JUNIEN,45.9025,0.918889
LFBK,MONTLUCON GUERET,46.226094,2.362817
LFBH,LA ROCHELLE ILE DE RE,46.179211,-1.195236
LFBI,POITIERS BIARD,46.587397,0.306786
LFDG,GAILLAC LISLE SUR TARN,43.883056,1.874167
LFDF,SAINTE FOY LA GRANDE,44.8525,0.175556
LFDI,LIBOURNE ARTIGUES DE LUSSAC,44.984167,-0.137222
LFDH,AUCH GERS,43.686839,0.600047
LFDC,MONTENDRE MARCILLAC,45.273611,-0.453333
LFDB,MONTAUBAN,44.026667,1.376944
LFDE,EGLETONS,45.420556,2.067778
LFDA,AIRE SUR L'ADOUR,43.708611,-0.247222
LFCZ,MIMIZAN,44.145886,-1.164803
LFCY,ROYAN MEDIS,45.631161,-0.975489
LFCU,USSEL THALAMY,45.535833,2.424722
LFCV,VILLEFRANCHE DE ROUERGUE,44.368889,2.026944
LFCW,VILLENEUVE SUR LOT,44.399178,0.759533
LFCX,CASTELSARRASIN MOISSAC,44.085833,1.126944
LFCQ,GRAULHET MONTDRAGON,43.768611,2.007778
LFCR,RODEZ AVEYRON,44.407489,2.483314
LFCS,BORDEAUX LEOGNAN SAUCATS,44.699167,-0.597222
LFCT,THOUARS,46.961944,-0.152778
LFCM,MILLAU LARZAC,43.989058,3.183303
LFCN,NOGARO,43.768889,-0.034722
LFCO,OLORON HERRERE,43.164722,-0.560278
LFCP,PONS AVY,45.565833,-0.513611
LFCI,ALBI LE SEQUESTRE,43.913278,2.11675
LFCJ,JONZAC NEULLES,45.483056,-0.423056
LFCK,CASTRES MAZAMET,43.554961,2.290592
LFCL,TOULOUSE LASBORDES,43.587778,1.498611
LFPA,PERSAN BEAUMONT,49.165,2.311667
LFPE,MEAUX ESBLY,48.926944,2.833889
LFPD,BERNAY SAINT MARTIN,49.1025,0.565556
LFPB,PARIS LE BOURGET,48.969525,2.441492
LFOX,ETAMPES MONDESIR,48.381111,2.073889
LFOW,SAINT QUENTIN ROUPY,49.816944,3.206667
LFOV,LAVAL ENTRAMMES,48.03225,-0.742781
LFOU,CHOLET LE PONTREAU,47.081906,-0.877217
LFOZ,ORLEANS SAINT DENIS DE L'HOTEL,47.897617,2.164208
LFOY,LE HAVRE SAINT ROMAIN,49.543889,0.359722
LFPP,LE PLESSIS BELLEVILLE,49.109167,2.736944
LFPQ,FONTENAY TRESIGNY,48.706111,2.902778
LFPN,TOUSSUS LE NOBLE,48.749756,2.111178
LFPO,PARIS ORLY,48.723281,2.379578
LFPT,PONTOISE CORMEILLES EN VEXIN,49.096628,2.040722
LFPU,MORET EPISY,48.340833,2.797778
LFPR,ORANGE PLAN DE DIEU,44.179444,4.918889
LFPH,CHELLES LE PIN,48.896667,2.606111
LFPF,BEYNES THIVERVAL,48.843611,1.908889
LFPG,PARIS CHARLES DE GAULLE,49.009747,2.547819
LFPL,LOGNES EMERAINVILLE,48.821944,2.622778
LFPM,MELUN VILLAROCHE,48.605283,2.670781
LFPK,COULOMMIERS VOISINS,48.8375,3.014444
LFOB,BEAUVAIS TILLE,49.454422,2.112814
LFOA,AVORD,47.056944,2.638889
LFOD,SAUMUR SAINT FLORENT,47.256731,-0.113553
LFOC,CHATEAUDUN,48.057875,1.379442
LFNU,UZES,44.083472,4.393833
LFNT,AVIGNON PUJAUT,43.996111,4.754444
LFNW,PUIVERT,42.910278,2.054722
LFNV,VALREAS VISAN,44.335833,4.906944
LFNX,BEDARIEUX LA TOUR SUR ORB,43.639722,3.144722
LFNZ,LE MAZET DE ROMANIN,43.770833,4.894444
LFOM,LESSAY,49.203333,-1.504722
LFON,DREUX VERNOUILLET,48.705833,1.361389
LFOO,LES SABLES D'OLONNE TALMONT,46.475556,-1.725
LFOP,ROUEN VALLEE DE SEINE,49.390953,1.183936
LFOQ,BLOIS LE BREUIL,47.679833,1.205775
LFOR,CHARTRES METROPOLE,48.458889,1.523889
LFOS,SAINT VALERY VITTEFLEUR,49.835278,0.655556
LFOT,TOURS VAL DE LOIRE,47.431944,0.723056
LFOE,EVREUX FAUVILLE,49.028611,1.22
LFOF,ALENCON VALFRAMBERT,48.446667,0.108333
LFOG,FLERS SAINT PAUL,48.749722,-0.594722
LFOH,LE HAVRE OCTEVILLE,49.533847,0.088119
LFOI,ABBEVILLE,50.142222,1.831111
LFOJ,ORLEANS BRICY,47.987778,1.760556
LFOK,CHALONS VATRY,48.773325,4.206156
LFOL,L'AIGLE SAINT MICHEL,48.758889,0.657778
LFNC,MONT DAUPHIN SAINT CREPIN,44.700556,6.599167
LFNB,MENDE BRENOUX,44.504081,3.527633
LFNA,GAP TALLARD,44.453889,6.036667
LFMZ,LEZIGNAN CORBIERES,43.175,2.732778
LFMY,SALON DE PROVENCE,43.602908,5.108167
LFMX,CHATEAU ARNOUX SAINT AUBAN,44.058611,5.990833
LFMW,CASTELNAUDARY VILLENEUVE,43.311111,1.92
LFMV,AVIGNON CAUMONT,43.906581,4.902028
LFMU,BEZIERS VIAS,43.323428,3.353397
LFMT,MONTPELLIER MEDITERRANEE,43.583261,3.961378
LFMS,ALES CEVENNES,44.072733,4.142919
LFNR,BERRE LA FARE,43.536667,5.1775
LFNS,SISTERON VAUMEILH,44.286667,5.929167
LFNQ,LA LLAGONNE LA QUILLANE,42.543461,2.120022
LFNN,NARBONNE,43.194167,3.051667
LFNO,FLORAC SAINTE ENIMIE,44.285556,3.465556
LFNL,SAINT MARTIN DE LONDRES,43.800278,3.781667
LFNJ,ASPRES SUR BUECH,44.517778,5.736111
LFNH,CARPENTRAS,44.0225,5.09
LFNF,VINON,43.736389,5.783056
LFNG,MONTPELLIER CANDILLARGUES,43.610172,4.070161
LFNE,SALON EYGUIERES,43.6575,5.012778
LFMA,AIX LES MILLES,43.505278,5.367222
LFLZ,FEURS CHAMBEON,45.706667,4.196944
LFLW,AURILLAC,44.897583,2.416719
LFLV,VICHY CHARMEIL,46.171783,3.404033
LFLY,LYON BRON,45.729519,4.938844
LFLX,CHATEAUROUX DEOLS,46.860314,1.721125
LFLS,GRENOBLE ALPES ISERE,45.362936,5.332664
LFLR,SAINT RAMBERT D'ALBON,45.255,4.824722
LFLU,VALENCE CHABEUIL,44.915558,4.968744
LFLT,MONTLUCON DOMERAT,46.352778,2.570556
LFMO,ORANGE CARITAT,44.140089,4.868581
LFMP,PERPIGNAN RIVESALTES,42.740833,2.869722
LFMQ,LE CASTELLET,43.252222,5.786111
LFMR,BARCELONNETTE SAINT PONS,44.387222,6.609167
LFMK,CARCASSONNE SALVAZA,43.215817,2.308544
LFML,MARSEILLE PROVENCE,43.436633,5.215119
LFMN,NICE COTE D'AZUR,43.665406,7.214983
LFMG,MONTAGNE NOIRE,43.406389,1.989167
LFMH,SAINT ETIENNE LOIRE,45.53405,4.297311
LFMI,ISTRES LE TUBE,43.522394,4.924236
LFMC,LE LUC LE CANNET,43.384722,6.386944
LFMD,CANNES MANDELIEU,43.546389,6.954167
LFME,NIMES COURBESSAC,43.853056,4.414444
LFMF,FAYENCE,43.608056,6.701667
LFKS,SOLENZARA,41.926289,9.405303
LFKT,CORTE,42.290278,9.1925
LFKR,SAINT REMY DE MAURIENNE,45.375033,6.277814
LFKX,MERIBEL ROBERT MERLOZ,45.4075,6.5775
LFKY,BELLEY-PEYRIEU,45.693889,5.691667
LFLA,AUXERRE BRANCHES,47.846328,3.496578
LFLE,CHAMBERY CHALLES LES EAUX,45.560556,5.975833
LFLD,BOURGES,47.060786,2.370083
LFLC,CLERMONT FERRAND AUVERGNE,45.785972,3.16245
LFLB,CHAMBERY AIX LES BAINS,45.639272,5.880122
LFLI,ANNEMASSE,46.191944,6.268333
LFLH,CHALON CHAMPFORGEUIL,46.828275,4.817058
LFLG,GRENOBLE LE VERSOUD,45.218056,5.848611
LFLM,MACON CHARNAY,46.295922,4.795858
LFLL,LYON SAINT EXUPERY,45.725639,5.081106
LFLK,OYONNAX ARBENT,46.278611,5.666389
LFLJ,COURCHEVEL,45.395833,6.6325
LFLQ,MONTELIMAR ANCONE,44.580278,4.739167
LFLP,ANNECY MEYTHET,45.930775,6.106289
LFLO,ROANNE,46.052778,3.999722
LFLN,SAINT YAN,46.406619,4.020986
LFJR,ANGERS MARCE,47.560211,-0.312128
LFJS,SOISSONS COURMELLES,49.345,3.283056
LFJT,TOURS LE LOUROUX,47.15,0.712778
LFJU,LURCY LEVIS,46.712222,2.944722
LFJV,LASCLAVERIES,43.425278,-0.286944
LFJY,CHAMBLEY,49.025469,5.876092
LFKB,BASTIA PORETTA,42.55,9.484847
LFKA,ALBERTVILLE GENERAL PIERRE DELACHENAL,45.626389,6.328889
LFKD,SOLLIERES SARDIERES,45.253889,6.801111
LFKC,CALVI SAINTE CATHERINE,42.524356,8.793011
LFKF,FIGARI SUD CORSE,41.502108,9.096747
LFKE,SAINT JEAN EN ROYANS,45.026389,5.309167
LFKH,SAINT JEAN D'AVELANNE,45.515833,5.679444
LFKG,GHISONACCIA ALZITONE,42.054444,9.400278
LFKJ,AJACCIO NAPOLEON BONAPARTE,41.923897,8.802436
LFKL,LYON BRINDAS,45.71065,4.69665
LFKK,MONTMEILLEUR,44.793611,5.761667
LFKM,SAINT GALMIER,45.606389,4.305
LFKP,LA TOUR DU PIN CESSIEU,45.558889,5.383889
LFKO,PROPRIANO,41.660278,8.893889
LFIV,VENDAYS MONTALIVET,45.380556,-1.115833
LFIS,SAINT INGLEVERT LES DEUX CAPS,50.8825,1.736111
LFIT,TOULOUSE BOURG SAINT BERNARD,43.611111,1.724167
LFIR,REVEL MONTGEY,43.480278,1.978889
LFIP,PEYRESOURDE BALESTAS,42.796944,0.433889
LFIY,SAINT JEAN D'ANGELY SAINT DENIS DU PIN,45.965203,-0.524358
LFIX,ITXASSOU,43.3375,-1.422222
LFJF,AUBENASSON,44.695278,5.153889
LFJD,CORLIER,46.039722,5.496111
LFJC,CLAMECY,47.4375,3.5075
LFJB,MAULEON,46.903056,-0.6975
LFJA,CHAUMONT SEMOUTIERS,48.091667,5.05
LFJL,METZ NANCY LORRAINE,48.978281,6.246531
LFJI,MARENNES,45.823889,-1.077222
LFJH,CAZERES PALAMINY,43.200833,1.05
LFHR,BRIOUDE BEAUMONT,45.323889,3.358333
LFHS,BOURG CEYZERIAT,46.205619,5.291794
LFHT,AMBERT LE POYET,45.515556,3.745
LFHU,L'ALPE D'HUEZ,45.0875,6.083611
LFHN,BELLEGARDE VOUVRAY,46.123333,5.804722
LFHO,AUBENAS ARDECHE MERIDIONALE,44.539419,4.371733
LFHP,LE PUY LOUDES,45.079656,3.763442
LFHQ,SAINT FLOUR COLTINES,45.074919,2.992636
LFHV,VILLEFRANCHE TARARE,45.919983,4.634931
LFHW,BELLEVILLE VILLIE MORGON,46.141111,4.713889
LFHX,LAPALISSE PERIGNY,46.253056,3.5875
LFHY,MOULINS MONTBEUGNY,46.534383,3.421606
LFID,CONDOM VALENCE SUR BAISE,43.909167,0.386111
LFIF,SAINT AFFRIQUE BELMONT,43.822778,2.747222
LFIB,BELVES SAINT PARDOUX,44.7825,0.958889
LFIL,RION DES LANDES,43.915833,-0.949167
LFIK,RIBERAC-TOURETTE,45.239444,0.265833
LFIM,SAINT GAUDENS MONTREJEAU,43.1075,0.619167
LFIH,CHALAIS,45.267078,0.015833
LFIG,CASSAGNES BEGONHES,44.178333,2.517778
LFXQ,COETQUIDAN,47.943889,-2.181944
LFXU,LES MUREAUX,48.998611,1.941667
LFXA,AMBERIEU,45.979722,5.337778
LFXB,SAINTES THENAC,45.701944,-0.636111
LFTZ,LA MOLE,43.205278,6.481944
LFTM,SERRES LA BATIE MONTSALEON,44.457222,5.727222
LFTN,LA GRAND'COMBE,44.243056,4.011111
LFTQ,CHATEAUBRIANT POUANCE,47.739444,-1.190278
LFTP,PUIMOISSON,43.868889,6.162778
LFTW,NIMES GARONS,43.757428,4.416344
LFTB,MARIGNANE BERRE,43.45,5.216667
LFTF,CUERS PIERREFEU,43.247589,6.127294
LFTH,HYERES LE PALYVESTRE,43.097344,6.146031
LFSL,BRIVE SOUILLAC,45.039639,1.485667
LFSK,VITRY LE FRANCOIS VAUCLERC,48.702222,4.683333
LFSJ,SEDAN DOUZY,49.658889,5.036667
LFSI,SAINT DIZIER ROBINSON,48.633536,4.908189
LFSP,PONTARLIER,46.908333,6.329167
LFSO,NANCY OCHEY,48.583186,5.954525
LFSN,NANCY ESSEY,48.692086,6.22605
LFSM,MONTBELIARD COURCELLES,47.486661,6.791469
LFST,STRASBOURG ENTZHEIM,48.541944,7.634444
LFSS,SAINT SULPICE DES LANDES,47.791667,-1.643611
LFSX,LUXEUIL SAINT SAUVEUR,47.787222,6.365
LFSW,EPERNAY PLIVOT,49.004444,4.085278
LFSV,PONT SAINT VINCENT,48.6,6.056389
LFSU,LANGRES ROLAMPONT,47.964167,5.293611
LFRZ,SAINT NAZAIRE MONTOIR,47.31065,-2.156803
LFSD,DIJON-LONGVIC,47.265817,5.094978
LFSA,BESANCON THISE,47.273611,6.083056
LFSB,BALE-MULHOUSE,47.589878,7.529222
LFSG,EPINAL MIRECOURT,48.325006,6.066742
LFSH,HAGUENAU,48.796944,7.819167
LFSE,EPINAL DOGNEVILLE,48.211389,6.448333
LFRM,LE MANS ARNAGE,47.948492,0.201647
LFRL,LANVEOC POULMIC,48.282531,-4.443692
LFRO,LANNION,48.754444,-3.471944
LFRN,RENNES SAINT JACQUES,48.071933,-1.732233
LFRI,LA ROCHE SUR YON LES AJONCS,46.702383,-1.381758
LFRH,LORIENT LANN BIHOUE,47.760556,-3.44
LFRK,CAEN CARPIQUET,49.173281,-0.449875
LFRJ,LANDIVISIAU,48.530258,-4.151642
LFRU,MORLAIX PLOUJEAN,48.600747,-3.816669
LFRT,SAINT BRIEUC ARMOR,48.537492,-2.856542
LFRW,AVRANCHES LE VAL SAINT PERE,48.660833,-1.405833
LFRV,VANNES MEUCON,47.719244,-2.723378
LFRQ,QUIMPER PLUGUFFAN,47.974947,-4.167875
LFRP,PLOERMEL LOYAT,48.001856,-2.378719
LFRS,NANTES ATLANTIQUE,47.157019,-1.607808
LFQW,VESOUL FROTEY,47.638611,6.204167
LFQX,JUVANCOURT,48.113889,4.819444
LFQY,SAVERNE STEINBOURG,48.753333,7.425833
LFQZ,DIEUZE GUEBLANGE,48.774444,6.714167
LFRD,DINARD PLEURTUIT SAINT MALO,48.587706,-2.07995
LFRE,LA BAULE ESCOUBLAC,47.288333,-2.346944
LFRF,GRANVILLE-MONT SAINT MICHEL,48.882875,-1.563833
LFRG,DEAUVILLE NORMANDIE,49.363394,0.159997
LFRB,BREST BRETAGNE,48.447131,-4.421753
LFRC,CHERBOURG MANCHE,49.650775,-1.4753
LFQN,SAINT OMER WIZERNES,50.728889,2.234444
LFQM,BESANCON LA VEZE,47.205308,6.08055
LFQL,LENS BENIFONTAINE,50.466389,2.819722
LFQK,CHALONS ECURY SUR COOLE,48.905556,4.352778
LFQJ,MAUBEUGE ELESMES,50.308333,4.03
LFQH,CHATILLON SUR SEINE,47.845278,4.579444
LFQG,NEVERS FOURCHAMBAULT,47.003731,3.110742
LFQV,CHARLEVILLE MEZIERES,49.785053,4.642808
LFQU,SARRE UNION,48.950833,7.076389
LFQT,MERVILLE CALONNE,50.6166,2.640094
LFQS,VITRY EN ARTOIS,50.3375,2.991944
LFQQ,LILLE LESQUIN,50.563425,3.086822
LFQP,PHALSBOURG BOURSCHEID,48.768153,7.205131
LFQO,LILLE MARCQ EN BAROEUL,50.687222,3.075556
LFPZ,SAINT CYR L'ECOLE,48.810278,2.073333
LFPX,CHAVENAY VILLEPREUX,48.842222,1.980278
LFPV,VILLACOUBLAY VELIZY,48.774172,2.191389
LFQE,ETAIN ROUVRES,49.229089,5.676039
LFQF,AUTUN BELLEVUE,46.971111,4.261111
LFQC,LUNEVILLE CROISMARE,48.593611,6.542222
LFQD,ARRAS ROCLINCOURT,50.323889,2.802778
LFQA,REIMS PRUNAY,49.208689,4.156581
LFQB,TROYES BARBEREY,48.321619,4.016622
LFYG,CAMBRAI NIERGNIES,50.141389,3.263611
LFYR,ROMORANTIN PRUNIERS,47.320833,1.688889
LFYS,SAINTE LEOCADIE,42.447222,2.010833
LFYV,YVETOT-BAONS LE COMTE,49.638611,0.7325
LFEA,BELLE ILE,47.326111,-3.198889
LFEB,DINAN TRELIVAN,48.443333,-2.103333
LFEF,AMBOISE DIERRE,47.340556,0.941111
LFEC,OUESSANT,48.463214,-5.063583
LFED,PONTIVY,48.056944,-2.923333
LFEI,BRIARE CHATILLON,47.614581,2.78185
LFEJ,CHATEAUROUX VILLERS,46.840833,1.62
LFEG,ARGENTON SUR CREUSE,46.595833,1.601111
LFEH,AUBIGNY SUR NERE,47.480556,2.394167
LFDM,MARMANDE VIRAZEIL,44.499167,0.200278
LFDL,LOUDUN,47.036111,0.100833
LFDK,SOULAC SUR MER,45.493889,-1.083889
LFDJ,PAMIERS LES PUJOLS,43.090683,1.695853
LFDQ,CASTELNAU MAGNOAC,43.2775,0.519444
LFDP,SAINT PIERRE D'OLERON,45.957778,-1.311389
LFDN,ROCHEFORT CHARENTE MARITIME,45.889508,-0.982347
LFDU,LESPARRE SAINT LAURENT MEDOC,45.196389,-0.884722
LFDT,TARBES LALOUBERE,43.215,0.0775
LFDS,SARLAT DOMME,44.792222,1.243611
LFDR,LA REOLE FLOUDES,44.566947,-0.05725
LFDY,BORDEAUX YVRAC,44.877222,-0.479167
LFDX,FUMEL MONTAYRAL,44.459167,1.007222
LFDW,CHAUVIGNY,46.583333,0.642222
LFDV,COUHE VERAC,46.270556,0.188333
LFFB,BUNO BONNEVAUX,48.350278,2.424444
LFFC,MANTES CHERENCE,49.078889,1.689722
LFFD,SAINT ANDRE DE L'EURE,48.8975,1.250833
LFFE,ENGHIEN MOISSELLES,49.045556,2.351944
LFFG,LA FERTE GAUCHER,48.7575,3.278889
LFFH,CHATEAU THIERRY BELLEAU,49.066667,3.355556
LFFI,ANCENIS,47.407222,-1.178889
LFFJ,JOINVILLE MUSSEY,48.385278,5.143333
LFFK,FONTENAY LE COMTE,46.440833,-0.793889
LFEL,LE BLANC,46.62,1.085833
LFEK,ISSOUDUN LE FAY,46.888611,2.041389
LFEN,TOURS SORIGNY,47.266414,0.699033
LFEM,MONTARGIS VIMORY,47.960556,2.685833
LFEP,POUILLY MACONGE,47.220556,4.560278
LFER,REDON BAINS SUR OUST,47.698611,-2.038056
LFEQ,QUIBERON,47.481389,-3.101667
LFET,TIL CHATEL,47.546389,5.210833
LFES,GUISCRIFF SCAER,48.053736,-3.664036
LFEV,GRAY SAINT ADRIEN,47.432222,5.621389
LFEU,BAR LE DUC LES HAUTS DE CHEE,48.867778,5.184167
LFEX,NANCY AZELOT,48.591944,6.239722
LFEW,SAULIEU LIERNAIS,47.238611,4.264444
LFEZ,NANCY MALZEVILLE,48.723611,6.206389
LFEY,ILE D'YEU,46.7175,-2.3925
LFGC,STRASBOURG NEUHOF,48.553611,7.7775
LFGA,COLMAR HOUSSEN,48.11035,7.359147
LFGB,MULHOUSE HABSHEIM,47.737222,7.429722
LFGK,JOIGNY,47.994444,3.390833
LFGL,LONS LE SAUNIER COURLAOUX,46.675,5.469167
LFGI,DIJON DAROIS,47.385278,4.946944
LFGJ,DOLE TAVAUX,47.042694,5.434928
LFGG,BELFORT CHAUX,47.700975,6.830833
LFGH,COSNE SUR LOIRE,47.360278,2.918333
LFGE,AVALLON,47.501944,3.898333
LFGF,BEAUNE CHALLANGES,47.010278,4.896389
LFFR,BAR SUR SEINE,48.066111,4.4125
LFFQ,LA FERTE ALAIS,48.499528,2.329964
LFFP,PITHIVIERS,48.156389,2.191111
LFFO,BEAUVOIR FROMENTINE,46.890556,-2.088611
LFFN,BRIENNE LE CHATEAU,48.429722,4.482222
LFFL,BAILLEAU ARMENONVILLE,48.514722,1.638611
LFFZ,SEZANNE SAINT REMY,48.709444,3.762778
LFFY,ETREPAGNY,49.305278,1.637778
LFFX,TOURNUS CUISERY,46.561389,4.975278
LFFW,MONTAIGU SAINT GEORGES,46.932222,-1.327222
LFFV,VIERZON MEREAU,47.194722,2.066667
LFFU,CHATEAUNEUF SUR CHER,46.871111,2.376944
LFFT,NEUFCHATEAU,48.361667,5.720278
LFHC,PEROUGES MEXIMIEUX,45.868611,5.186111
LFHD,PIERRELATTE,44.397778,4.716944
LFHE,ROMANS SAINT PAUL,45.064722,5.101389
LFHA,ISSOIRE LE BROC,45.513889,3.266111
LFHJ,LYON CORBAS,45.652778,4.912222
LFHL,LANGOGNE LESPERON,44.705556,3.887222
LFHM,MEGEVE,45.824444,6.648333
LFHF,RUOMS,44.444722,4.332778
LFHG,SAINT CHAMOND L'HORME,45.491944,4.534444
LFHH,VIENNE REVENTIN,45.462778,4.827778
LFHI,MORESTEL,45.686944,5.4525
LFGR,DONCOURT LES CONFLANS,49.151972,5.931278
LFGQ,SEMUR EN AUXOIS,47.481111,4.343056
LFGT,SARREBOURG BUHL,48.718333,7.08
LFGS,LONGUYON VILLETTE,49.483611,5.571944
LFGN,PARAY LE MONIAL,46.466667,4.133056
LFGM,MONTCEAU LES MINES POUILLOUX,46.603333,4.332778
LFGP,SAINT FLORENTIN CHEU,47.981389,3.776944
LFGO,PONT SUR YONNE,48.289444,3.248889
LFGZ,NUITS SAINT GEORGES,47.142222,4.968333
LFGY,SAINT DIE REMOMEIX,48.266389,7.0075
LFGU,SARREGUEMINES NEUNKIRCH,49.1275,7.106667
LFGX,CHAMPAGNOLE CROTENAY,46.763333,5.819722
LFGW,VERDUN SOMMEDIEUE,49.122181,5.470853
LFAB,DIEPPE SAINT AUBIN,49.882633,1.085331
LFAF,LAON CHAMBRY,49.594722,3.630278
LFAE,EU MERS LE TREPORT,50.069167,1.426667
LFAD,COMPIEGNE MARGNY,49.433611,2.804722
LFAC,CALAIS MARCK,50.960933,1.951433
LFBA,AGEN LA GARENNE,44.174714,0.590619
LFBC,CAZAUX,44.534886,-1.131453
LFBE,BERGERAC DORDOGNE PERIGORD,44.824431,0.520525
LFBD,BORDEAUX MERIGNAC,44.828653,-0.715344
LFBG,COGNAC CHATEAUBERNARD,45.658231,-0.317567
LFBF,TOULOUSE FRANCAZAL,43.549061,1.357261
LFAX,MORTAGNE AU PERCHE,48.539722,0.534167
LFAW,VILLERUPT,49.410556,5.889167
LFAY,AMIENS-GLISY,49.873103,2.386986
LFAO,BAGNOLES DE L'ORNE COUTERNE,48.544722,-0.385
LFAP,RETHEL PERTHES,49.481111,4.363333
LFAQ,ALBERT BRAY,49.970061,2.692617
LFAR,MONTDIDIER,49.673056,2.569167
LFAS,FALAISE MONTS D'ERAINES,48.926944,-0.144722
LFAT,LE TOUQUET COTE D'OPALE,50.514847,1.627578
LFAU,VAUVILLE,49.622778,-1.83
LFAV,VALENCIENNES DENAIN,50.324792,3.465444
LFAG,PERONNE SAINT QUENTIN,49.868861,3.0296
LFAI,NANGIS LES LOGES,48.596944,3.008056
LFAJ,ARGENTAN,48.709444,0.002778
LFAK,DUNKERQUE LES MOERES,51.040556,2.550278
LFAL,LA FLECHE THOREE LES PINS,47.692778,-0.001944
LFAM,BERCK SUR MER,50.423056,1.591944
LFCH,ARCACHON LA TESTE DE BUCH,44.596944,-1.113889
LFCG,SAINT GIRONS ANTICHAN,43.007778,1.103056
LFCF,FIGEAC LIVERNON,44.6725,1.788056
LFCE,GUERET SAINT LAURENT,46.175556,1.953056
LFCD,ANDERNOS LES BAINS,44.755,-1.065
LFCC,CAHORS LALBENQUE,44.350542,1.478586
LFCB,BAGNERES DE LUCHON,42.800556,0.601111
LFCA,CHATELLERAULT TARGE,46.780278,0.550556
LFBZ,BIARRITZ PAYS BASQUE,43.468308,-1.531161
LFBY,DAX SEYRESSE,43.689167,-1.068889
LFBX,PERIGUEUX BASSILLAC,45.197489,0.815217
LFBT,TARBES LOURDES PYRENEES,43.18545,-0.002894
LFBU,ANGOULEME BRIE CHAMPNIERS,45.729475,0.219153
LFBR,MURET LHERM,43.449156,1.263694
LFBS,BISCARROSSE PARENTIS,44.368056,-1.132222
LFBP,PAU PYRENEES,43.3799,-0.418511
LFBN,NIORT MARAIS POITEVIN,46.313422,-0.394433
LFBO,TOULOUSE BLAGNAC,43.635128,1.367856
LFBL,LIMOGES BELLEGARDE,45.860764,1.180306
LFBM,MONT DE MARSAN,43.911389,-0.51
LFBJ,SAINT JUNIEN,45.9025,0.918889
LFBK,MONTLUCON GUERET,46.226094,2.362817
LFBH,LA ROCHELLE ILE DE RE,46.179211,-1.195236
LFBI,POITIERS BIARD,46.587397,0.306786
LFDG,GAILLAC LISLE SUR TARN,43.883056,1.874167
LFDF,SAINTE FOY LA GRANDE,44.8525,0.175556
LFDI,LIBOURNE ARTIGUES DE LUSSAC,44.984167,-0.137222
LFDH,AUCH GERS,43.686839,0.600047
LFDC,MONTENDRE MARCILLAC,45.273611,-0.453333
LFDB,MONTAUBAN,44.026667,1.376944
LFDE,EGLETONS,45.420556,2.067778
LFDA,AIRE SUR L'ADOUR,43.708611,-0.247222
LFCZ,MIMIZAN,44.145886,-1.164803
LFCY,ROYAN MEDIS,45.631161,-0.975489
LFCU,USSEL THALAMY,45.535833,2.424722
LFCV,VILLEFRANCHE DE ROUERGUE,44.368889,2.026944
LFCW,VILLENEUVE SUR LOT,44.399178,0.759533
LFCX,CASTELSARRASIN MOISSAC,44.085833,1.126944
LFCQ,GRAULHET MONTDRAGON,43.768611,2.007778
LFCR,RODEZ AVEYRON,44.407489,2.483314
LFCS,BORDEAUX LEOGNAN SAUCATS,44.699167,-0.597222
LFCT,THOUARS,46.961944,-0.152778
LFCM,MILLAU LARZAC,43.989058,3.183303
LFCN,NOGARO,43.768889,-0.034722
LFCO,OLORON HERRERE,43.164722,-0.560278
LFCP,PONS AVY,45.565833,-0.513611
LFCI,ALBI LE SEQUESTRE,43.913278,2.11675
LFCJ,JONZAC NEULLES,45.483056,-0.423056
LFCK,CASTRES MAZAMET,43.554961,2.290592
LFCL,TOULOUSE LASBORDES,43.587778,1.498611
